majorGroup,class,order,family_WFO,genus_PHY,species
G,Ginkgoopsida,Ginkgoales,Ginkgoaceae,Ginkgo,Ginkgo biloba
A,Magnoliopsida,Asterales,Asteraceae,Achillea,Achillea millefolium
A,Magnoliopsida,Fabales,Fabaceae,Amphicarpaea,Amphicarpaea bracteata
A,Magnoliopsida,Gentianales,Apocynaceae,Apocynum,Apocynum androsaemifolium
A,Magnoliopsida,Gentianales,Apocynaceae,Apocynum,Apocynum cannabinum
A,Magnoliopsida,Asterales,Asteraceae,Artemisia,Artemisia ludoviciana
A,Magnoliopsida,Gentianales,Apocynaceae,Asclepias,Asclepias syriaca
A,Magnoliopsida,Gentianales,Apocynaceae,Asclepias,Asclepias verticillata
A,Liliopsida,Asparagales,Asparagaceae,Asparagus,Asparagus officinalis
A,Liliopsida,Poales,Poaceae,Bromus,Bromus inermis
A,Liliopsida,Poales,Poaceae,Bromus,Bromus tectorum
A,Liliopsida,Poales,Poaceae,Calamagrostis,Calamagrostis canadensis
A,Magnoliopsida,Ranunculales,Ranunculaceae,Caltha,Caltha palustris
A,Magnoliopsida,Asterales,Campanulaceae,Campanula,Campanula rotundifolia
A,Magnoliopsida,Celastrales,Celastraceae,Celastrus,Celastrus scandens
A,Magnoliopsida,Santalales,Santalaceae,Comandra,Comandra umbellata
A,Magnoliopsida,Solanales,Convolvulaceae,Convolvulus,Convolvulus arvensis
A,Magnoliopsida,Asterales,Asteraceae,Erigeron,Erigeron canadensis
A,Magnoliopsida,Cornales,Cornaceae,Cornus,Cornus alternifolia
A,Magnoliopsida,Cornales,Cornaceae,Cornus,Cornus racemosa
A,Magnoliopsida,Cornales,Cornaceae,Cornus,Cornus sericea
A,Liliopsida,Poales,Poaceae,Danthonia,Danthonia spicata
A,Liliopsida,Poales,Poaceae,Elymus,Elymus violaceus
A,Liliopsida,Poales,Poaceae,Festuca,Festuca rubra
A,Magnoliopsida,Gentianales,Rubiaceae,Galium,Galium aparine
A,Magnoliopsida,Gentianales,Gentianaceae,Gentiana,Gentiana andrewsii
A,Magnoliopsida,Asterales,Asteraceae,Heliopsis,Heliopsis helianthoides
A,Magnoliopsida,Ericales,Balsaminaceae,Impatiens,Impatiens capensis
G,Pinopsida,Pinales,Cupressaceae,Juniperus,Juniperus communis
A,Magnoliopsida,Asterales,Asteraceae,Lactuca,Lactuca serriola
G,Pinopsida,Pinales,Pinaceae,Larix,Larix laricina
A,Liliopsida,Poales,Poaceae,Leersia,Leersia oryzoides
A,Magnoliopsida,Fabales,Fabaceae,Medicago,Medicago sativa
A,Magnoliopsida,Caryophyllales,Molluginaceae,Mollugo,Mollugo verticillata
A,Magnoliopsida,Lamiales,Lamiaceae,Monarda,Monarda fistulosa
A,Magnoliopsida,Lamiales,Lamiaceae,Nepeta,Nepeta cataria
A,Magnoliopsida,Oxalidales,Oxalidaceae,Oxalis,Oxalis stricta
A,Magnoliopsida,Lamiales,Plantaginaceae,Penstemon,Penstemon gracilis
A,Magnoliopsida,Saxifragales,Penthoraceae,Penthorum,Penthorum sedoides
A,Liliopsida,Poales,Poaceae,Phleum,Phleum pratense
A,Magnoliopsida,Lamiales,Phrymaceae,Phryma,Phryma leptostachya
A,Magnoliopsida,Solanales,Solanaceae,Physalis,Physalis pubescens
A,Magnoliopsida,Solanales,Solanaceae,Physalis,Physalis virginiana
A,Magnoliopsida,Lamiales,Plantaginaceae,Plantago,Plantago lanceolata
A,Magnoliopsida,Caryophyllales,Polygonaceae,Persicaria,Persicaria amphibia
A,Magnoliopsida,Caryophyllales,Polygonaceae,Persicaria,Persicaria thunbergii
A,Magnoliopsida,Caryophyllales,Polygonaceae,Persicaria,Persicaria hydropiper
A,Magnoliopsida,Caryophyllales,Polygonaceae,Persicaria,Persicaria maculosa
A,Magnoliopsida,Malpighiales,Salicaceae,Populus,Populus tremuloides
A,Magnoliopsida,Caryophyllales,Portulacaceae,Portulaca,Portulaca oleracea
A,Magnoliopsida,Rosales,Rosaceae,Malus,Malus domestica
A,Magnoliopsida,Rosales,Rhamnaceae,Rhamnus,Rhamnus cathartica
A,Magnoliopsida,Sapindales,Anacardiaceae,Rhus,Rhus typhina
A,Magnoliopsida,Asterales,Asteraceae,Rudbeckia,Rudbeckia hirta
A,Liliopsida,Alismatales,Alismataceae,Sagittaria,Sagittaria latifolia
A,Liliopsida,Poales,Poaceae,Cenchrus,Cenchrus americanus
A,Magnoliopsida,Caryophyllales,Caryophyllaceae,Silene,Silene antirrhina
A,Liliopsida,Asparagales,Asparagaceae,Maianthemum,Maianthemum racemosum
A,Liliopsida,Asparagales,Asparagaceae,Maianthemum,Maianthemum stellatum
A,Magnoliopsida,Solanales,Solanaceae,Solanum,Solanum carolinense
A,Magnoliopsida,Solanales,Solanaceae,Solanum,Solanum nigrum
A,Magnoliopsida,Asterales,Asteraceae,Solidago,Solidago canadensis
A,Magnoliopsida,Asterales,Asteraceae,Solidago,Solidago missouriensis
A,Magnoliopsida,Caryophyllales,Caryophyllaceae,Stellaria,Stellaria media
A,Magnoliopsida,Dipsacales,Caprifoliaceae,Symphoricarpos,Symphoricarpos occidentalis
A,Liliopsida,Poales,Typhaceae,Typha,Typha angustifolia
A,Liliopsida,Poales,Typhaceae,Typha,Typha latifolia
A,Magnoliopsida,Rosales,Urticaceae,Urtica,Urtica dioica
A,Liliopsida,Liliales,Colchicaceae,Uvularia,Uvularia sessilifolia
A,Magnoliopsida,Lamiales,Scrophulariaceae,Verbascum,Verbascum thapsus
A,Magnoliopsida,Lamiales,Verbenaceae,Verbena,Verbena bracteata
A,Magnoliopsida,Lamiales,Verbenaceae,Verbena,Verbena hastata
A,Magnoliopsida,Apiales,Apiaceae,Zizia,Zizia aurea
A,Magnoliopsida,Malpighiales,Euphorbiaceae,Euphorbia,Euphorbia maculata
A,Magnoliopsida,Solanales,Solanaceae,Physalis,Physalis heterophylla
A,Magnoliopsida,Lamiales,Plantaginaceae,Plantago,Plantago patagonica
A,Magnoliopsida,Asterales,Asteraceae,Taraxacum,Taraxacum officinale
A,Magnoliopsida,Asterales,Asteraceae,Tragopogon,Tragopogon dubius
A,Magnoliopsida,Vitales,Vitaceae,Vitis,Vitis riparia
A,Magnoliopsida,Sapindales,Sapindaceae,Acer,Acer negundo
A,Magnoliopsida,Sapindales,Sapindaceae,Acer,Acer rubrum
A,Magnoliopsida,Lamiales,Lamiaceae,Agastache,Agastache foeniculum
A,Liliopsida,Poales,Poaceae,Elymus,Elymus repens
A,Liliopsida,Poales,Poaceae,Elymus,Elymus smithii
A,Liliopsida,Poales,Poaceae,Poa,Poa nemoralis
A,Liliopsida,Poales,Poaceae,Agrostis,Agrostis scabra
A,Liliopsida,Asparagales,Amaryllidaceae,Allium,Allium cernuum
A,Liliopsida,Asparagales,Amaryllidaceae,Allium,Allium stellatum
A,Magnoliopsida,Fagales,Betulaceae,Alnus,Alnus incana
A,Magnoliopsida,Caryophyllales,Amaranthaceae,Amaranthus,Amaranthus retroflexus
A,Magnoliopsida,Asterales,Asteraceae,Ambrosia,Ambrosia artemisiifolia
A,Magnoliopsida,Asterales,Asteraceae,Ambrosia,Ambrosia psilostachya
A,Magnoliopsida,Rosales,Rosaceae,Amelanchier,Amelanchier alnifolia
A,Magnoliopsida,Rosales,Rosaceae,Amelanchier,Amelanchier arborea
A,Magnoliopsida,Rosales,Rosaceae,Amelanchier,Amelanchier laevis
A,Magnoliopsida,Rosales,Rosaceae,Amelanchier,Amelanchier sanguinea
A,Magnoliopsida,Fabales,Fabaceae,Amorpha,Amorpha canescens
A,Liliopsida,Poales,Poaceae,Andropogon,Andropogon gerardi
A,Magnoliopsida,Ranunculales,Ranunculaceae,Anemone,Anemone cylindrica
A,Magnoliopsida,Ranunculales,Ranunculaceae,Anemone,Anemone quinquefolia
A,Magnoliopsida,Ranunculales,Ranunculaceae,Anemone,Anemone virginiana
A,Magnoliopsida,Asterales,Asteraceae,Antennaria,Antennaria parlinii
A,Magnoliopsida,Asterales,Asteraceae,Antennaria,Antennaria neglecta
A,Magnoliopsida,Asterales,Asteraceae,Antennaria,Antennaria plantaginifolia
A,Magnoliopsida,Ranunculales,Ranunculaceae,Aquilegia,Aquilegia canadensis
A,Magnoliopsida,Brassicales,Brassicaceae,Turritis,Turritis glabra
A,Magnoliopsida,Brassicales,Brassicaceae,Arabis,Arabis hirsuta
A,Magnoliopsida,Apiales,Araliaceae,Aralia,Aralia nudicaulis
A,Magnoliopsida,Caryophyllales,Caryophyllaceae,Moehringia,Moehringia lateriflora
A,Magnoliopsida,Rosales,Rosaceae,Aronia,Aronia melanocarpa
A,Magnoliopsida,Gentianales,Apocynaceae,Asclepias,Asclepias exaltata
A,Magnoliopsida,Gentianales,Apocynaceae,Asclepias,Asclepias incarnata
A,Magnoliopsida,Gentianales,Apocynaceae,Asclepias,Asclepias ovalifolia
A,Magnoliopsida,Gentianales,Apocynaceae,Asclepias,Asclepias tuberosa
A,Magnoliopsida,Gentianales,Apocynaceae,Asclepias,Asclepias viridiflora
A,Magnoliopsida,Asterales,Asteraceae,Symphyotrichum,Symphyotrichum oolentangiense
A,Magnoliopsida,Asterales,Asteraceae,Symphyotrichum,Symphyotrichum ericoides
A,Magnoliopsida,Asterales,Asteraceae,Symphyotrichum,Symphyotrichum boreale
A,Magnoliopsida,Asterales,Asteraceae,Symphyotrichum,Symphyotrichum lanceolatum
A,Magnoliopsida,Asterales,Asteraceae,Eurybia,Eurybia macrophylla
A,Magnoliopsida,Asterales,Asteraceae,Symphyotrichum,Symphyotrichum novae-angliae
A,Magnoliopsida,Asterales,Asteraceae,Solidago,Solidago ptarmicoides
A,Magnoliopsida,Asterales,Asteraceae,Symphyotrichum,Symphyotrichum puniceum
A,Magnoliopsida,Asterales,Asteraceae,Doellingeria,Doellingeria umbellata
A,Magnoliopsida,Fabales,Fabaceae,Astragalus,Astragalus canadensis
A,Magnoliopsida,Fabales,Fabaceae,Baptisia,Baptisia alba
A,Magnoliopsida,Brassicales,Brassicaceae,Barbarea,Barbarea vulgaris
A,Magnoliopsida,Brassicales,Brassicaceae,Berteroa,Berteroa incana
A,Magnoliopsida,Fagales,Betulaceae,Betula,Betula alleghaniensis
A,Magnoliopsida,Fagales,Betulaceae,Betula,Betula papyrifera
A,Magnoliopsida,Fagales,Betulaceae,Betula,Betula pumila
A,Magnoliopsida,Asterales,Asteraceae,Bidens,Bidens cernua
A,Magnoliopsida,Asterales,Asteraceae,Bidens,Bidens coronata
A,Magnoliopsida,Asterales,Asteraceae,Bidens,Bidens tripartita
A,Liliopsida,Poales,Poaceae,Bouteloua,Bouteloua curtipendula
A,Liliopsida,Poales,Poaceae,Bouteloua,Bouteloua aristidoides
A,Liliopsida,Poales,Poaceae,Bromus,Bromus ciliatus
A,Liliopsida,Poales,Poaceae,Bromus,Bromus kalmii
A,Liliopsida,Poales,Poaceae,Bouteloua,Bouteloua dactyloides
A,Liliopsida,Poales,Poaceae,Calamagrostis,Calamagrostis stricta
A,Magnoliopsida,Asterales,Campanulaceae,Palustricodon,Palustricodon aparinoides
A,Magnoliopsida,Brassicales,Brassicaceae,Capsella,Capsella bursa-pastoris
A,Liliopsida,Poales,Cyperaceae,Carex,Carex bebbii
A,Liliopsida,Poales,Cyperaceae,Carex,Carex bicknellii
A,Liliopsida,Poales,Cyperaceae,Carex,Carex canescens
A,Liliopsida,Poales,Cyperaceae,Carex,Carex echinata
A,Liliopsida,Poales,Cyperaceae,Carex,Carex chordorrhiza
A,Liliopsida,Poales,Cyperaceae,Carex,Carex comosa
A,Liliopsida,Poales,Cyperaceae,Carex,Carex diandra
A,Liliopsida,Poales,Cyperaceae,Carex,Carex disperma
A,Liliopsida,Poales,Cyperaceae,Carex,Carex foenea
A,Liliopsida,Poales,Cyperaceae,Carex,Carex gracillima
A,Liliopsida,Poales,Cyperaceae,Carex,Carex haydenii
A,Liliopsida,Poales,Cyperaceae,Carex,Carex interior
A,Liliopsida,Poales,Cyperaceae,Carex,Carex lacustris
A,Liliopsida,Poales,Cyperaceae,Carex,Carex lasiocarpa
A,Liliopsida,Poales,Cyperaceae,Carex,Carex vulpinoidea
A,Liliopsida,Poales,Cyperaceae,Carex,Carex oligosperma
A,Liliopsida,Poales,Cyperaceae,Carex,Carex pensylvanica
A,Liliopsida,Poales,Cyperaceae,Carex,Carex rostrata
A,Liliopsida,Poales,Cyperaceae,Carex,Carex scoparia
A,Liliopsida,Poales,Cyperaceae,Carex,Carex stricta
A,Magnoliopsida,Fabales,Fabaceae,Chamaecrista,Chamaecrista fasciculata
A,Magnoliopsida,Rosales,Rhamnaceae,Ceanothus,Ceanothus americanus
A,Liliopsida,Poales,Poaceae,Cenchrus,Cenchrus longispinus
A,Magnoliopsida,Ericales,Ericaceae,Chamaedaphne,Chamaedaphne calyculata
A,Magnoliopsida,Caryophyllales,Amaranthaceae,Chenopodium,Chenopodium album
A,Magnoliopsida,Caryophyllales,Amaranthaceae,Chenopodiastrum,Chenopodiastrum hybridum
A,Magnoliopsida,Caryophyllales,Amaranthaceae,Chenopodium,Chenopodium leptophyllum
A,Magnoliopsida,Asterales,Asteraceae,Heterotheca,Heterotheca villosa
A,Magnoliopsida,Apiales,Apiaceae,Cicuta,Cicuta bulbifera
A,Magnoliopsida,Myrtales,Onagraceae,Circaea,Circaea lutetiana
A,Magnoliopsida,Asterales,Asteraceae,Cirsium,Cirsium arvense
A,Magnoliopsida,Asterales,Asteraceae,Cirsium,Cirsium discolor
A,Magnoliopsida,Asterales,Asteraceae,Coreopsis,Coreopsis palmata
A,Magnoliopsida,Fagales,Betulaceae,Corylus,Corylus americana
A,Magnoliopsida,Asterales,Asteraceae,Crepis,Crepis tectorum
A,Magnoliopsida,Caryophyllales,Amaranthaceae,Dysphania,Dysphania atriplicifolia
A,Liliopsida,Poales,Cyperaceae,Cyperus,Cyperus filiculmis
A,Liliopsida,Poales,Cyperaceae,Cyperus,Cyperus schweinitzii
A,Liliopsida,Poales,Cyperaceae,Cyperus,Cyperus strigosus
A,Magnoliopsida,Ranunculales,Ranunculaceae,Delphinium,Delphinium carolinianum
A,Magnoliopsida,Fabales,Fabaceae,Desmodium,Desmodium canadense
A,Magnoliopsida,Fabales,Fabaceae,Hylodesmum,Hylodesmum glutinosum
A,Liliopsida,Poales,Poaceae,Digitaria,Digitaria ischaemum
A,Liliopsida,Poales,Poaceae,Digitaria,Digitaria sanguinalis
A,Liliopsida,Poales,Cyperaceae,Dulichium,Dulichium arundinaceum
A,Liliopsida,Poales,Poaceae,Elymus,Elymus canadensis
A,Magnoliopsida,Myrtales,Onagraceae,Chamaenerion,Chamaenerion angustifolium
A,Magnoliopsida,Myrtales,Onagraceae,Epilobium,Epilobium ciliatum
A,Magnoliopsida,Myrtales,Onagraceae,Epilobium,Epilobium leptophyllum
A,Liliopsida,Poales,Poaceae,Eragrostis,Eragrostis spectabilis
A,Magnoliopsida,Asterales,Asteraceae,Erechtites,Erechtites hieraciifolius
A,Magnoliopsida,Asterales,Asteraceae,Erigeron,Erigeron annuus
A,Magnoliopsida,Asterales,Asteraceae,Erigeron,Erigeron strigosus
A,Magnoliopsida,Asterales,Asteraceae,Eutrochium,Eutrochium maculatum
A,Magnoliopsida,Asterales,Asteraceae,Eupatorium,Eupatorium perfoliatum
A,Magnoliopsida,Malpighiales,Euphorbiaceae,Euphorbia,Euphorbia corollata
A,Magnoliopsida,Malpighiales,Euphorbiaceae,Euphorbia,Euphorbia geyeri
A,Magnoliopsida,Malpighiales,Euphorbiaceae,Euphorbia,Euphorbia glyptosperma
A,Magnoliopsida,Asterales,Asteraceae,Euthamia,Euthamia graminifolia
A,Liliopsida,Poales,Poaceae,Festuca,Festuca ovina
A,Liliopsida,Poales,Poaceae,Festuca,Festuca guestfalica
A,Magnoliopsida,Rosales,Rosaceae,Fragaria,Fragaria vesca
A,Magnoliopsida,Rosales,Rosaceae,Fragaria,Fragaria virginiana
A,Magnoliopsida,Lamiales,Oleaceae,Fraxinus,Fraxinus americana
A,Magnoliopsida,Lamiales,Oleaceae,Fraxinus,Fraxinus nigra
A,Magnoliopsida,Lamiales,Oleaceae,Fraxinus,Fraxinus pennsylvanica
A,Magnoliopsida,Lamiales,Gesneriaceae,Seemannia,Seemannia sylvatica
A,Magnoliopsida,Gentianales,Rubiaceae,Galium,Galium boreale
A,Magnoliopsida,Gentianales,Rubiaceae,Galium,Galium trifidum
A,Magnoliopsida,Gentianales,Rubiaceae,Galium,Galium triflorum
A,Magnoliopsida,Geraniales,Geraniaceae,Geranium,Geranium maculatum
A,Magnoliopsida,Lamiales,Lamiaceae,Glechoma,Glechoma hederacea
A,Liliopsida,Poales,Poaceae,Glyceria,Glyceria grandis
A,Magnoliopsida,Asterales,Asteraceae,Gamochaeta,Gamochaeta purpurea
A,Magnoliopsida,Asterales,Asteraceae,Gnaphalium,Gnaphalium uliginosum
A,Magnoliopsida,Asterales,Asteraceae,Helenium,Helenium autumnale
A,Magnoliopsida,Asterales,Asteraceae,Helianthus,Helianthus hirsutus
A,Magnoliopsida,Saxifragales,Saxifragaceae,Heuchera,Heuchera richardsonii
A,Magnoliopsida,Asterales,Asteraceae,Pilosella,Pilosella aurantiaca
A,Magnoliopsida,Asterales,Asteraceae,Hieracium,Hieracium umbellatum
A,Magnoliopsida,Asterales,Asteraceae,Hieracium,Hieracium longipilum
A,Liliopsida,Poales,Poaceae,Anthoxanthum,Anthoxanthum nitens
A,Magnoliopsida,Gentianales,Rubiaceae,Houstonia,Houstonia longifolia
A,Liliopsida,Asparagales,Hypoxidaceae,Hypoxis,Hypoxis hirsuta
A,Magnoliopsida,Aquifoliales,Aquifoliaceae,Ilex,Ilex verticillata
A,Liliopsida,Asparagales,Iridaceae,Iris,Iris versicolor
A,Liliopsida,Poales,Juncaceae,Juncus,Juncus tenuis
G,Pinopsida,Pinales,Cupressaceae,Juniperus,Juniperus virginiana
A,Magnoliopsida,Asterales,Asteraceae,Krigia,Krigia biflora
A,Magnoliopsida,Asterales,Asteraceae,Lactuca,Lactuca biennis
A,Magnoliopsida,Asterales,Asteraceae,Lactuca,Lactuca canadensis
A,Magnoliopsida,Fabales,Fabaceae,Lathyrus,Lathyrus ochroleucus
A,Magnoliopsida,Fabales,Fabaceae,Lathyrus,Lathyrus venosus
A,Magnoliopsida,Brassicales,Brassicaceae,Lepidium,Lepidium densiflorum
A,Magnoliopsida,Brassicales,Brassicaceae,Lepidium,Lepidium virginicum
A,Liliopsida,Poales,Poaceae,Digitaria,Digitaria cognata
A,Magnoliopsida,Fabales,Fabaceae,Lespedeza,Lespedeza capitata
A,Magnoliopsida,Asterales,Asteraceae,Liatris,Liatris aspera
A,Magnoliopsida,Asterales,Asteraceae,Liatris,Liatris ligulistylis
A,Magnoliopsida,Asterales,Asteraceae,Liatris,Liatris pycnostachya
A,Magnoliopsida,Lamiales,Plantaginaceae,Linaria,Linaria vulgaris
A,Magnoliopsida,Boraginales,Boraginaceae,Lithospermum,Lithospermum canescens
A,Magnoliopsida,Boraginales,Boraginaceae,Lithospermum,Lithospermum carolinense
A,Magnoliopsida,Asterales,Campanulaceae,Lobelia,Lobelia siphilitica
A,Liliopsida,Poales,Poaceae,Lolium,Lolium multiflorum
A,Magnoliopsida,Dipsacales,Caprifoliaceae,Lonicera,Lonicera dioica
A,Magnoliopsida,Dipsacales,Caprifoliaceae,Lonicera,Lonicera tatarica
A,Magnoliopsida,Dipsacales,Caprifoliaceae,Lonicera,Lonicera morrowii
A,Magnoliopsida,Myrtales,Onagraceae,Ludwigia,Ludwigia polycarpa
A,Magnoliopsida,Fabales,Fabaceae,Lupinus,Lupinus perennis
A,Magnoliopsida,Caryophyllales,Caryophyllaceae,Silene,Silene latifolia
A,Magnoliopsida,Lamiales,Lamiaceae,Lycopus,Lycopus americanus
A,Magnoliopsida,Lamiales,Lamiaceae,Lycopus,Lycopus uniflorus
A,Magnoliopsida,Ericales,Primulaceae,Lysimachia,Lysimachia ciliata
A,Magnoliopsida,Ericales,Primulaceae,Lysimachia,Lysimachia thyrsiflora
A,Liliopsida,Asparagales,Asparagaceae,Maianthemum,Maianthemum canadense
A,Magnoliopsida,Fabales,Fabaceae,Medicago,Medicago lupulina
A,Magnoliopsida,Fabales,Fabaceae,Melilotus,Melilotus officinalis
A,Magnoliopsida,Lamiales,Phrymaceae,Mimulus,Mimulus ringens
A,Magnoliopsida,Caryophyllales,Nyctaginaceae,Mirabilis,Mirabilis albida
A,Magnoliopsida,Caryophyllales,Nyctaginaceae,Mirabilis,Mirabilis nyctaginea
A,Magnoliopsida,Lamiales,Lamiaceae,Monarda,Monarda punctata
A,Magnoliopsida,Lamiales,Lamiaceae,Mosla,Mosla dianthera
A,Liliopsida,Poales,Poaceae,Muhlenbergia,Muhlenbergia racemosa
A,Magnoliopsida,Myrtales,Onagraceae,Oenothera,Oenothera biennis
A,Magnoliopsida,Myrtales,Onagraceae,Oenothera,Oenothera parviflora
A,Liliopsida,Poales,Poaceae,Panicum,Panicum capillare
A,Liliopsida,Poales,Poaceae,Dichanthelium,Dichanthelium acuminatum
A,Liliopsida,Poales,Poaceae,Panicum,Panicum miliaceum
A,Liliopsida,Poales,Poaceae,Dichanthelium,Dichanthelium oligosanthes
A,Liliopsida,Poales,Poaceae,Panicum,Panicum virgatum
A,Magnoliopsida,Rosales,Urticaceae,Parietaria,Parietaria pensylvanica
A,Magnoliopsida,Vitales,Vitaceae,Parthenocissus,Parthenocissus inserta
A,Magnoliopsida,Vitales,Vitaceae,Parthenocissus,Parthenocissus quinquefolia
A,Liliopsida,Poales,Poaceae,Paspalum,Paspalum setaceum
A,Magnoliopsida,Lamiales,Orobanchaceae,Pedicularis,Pedicularis canadensis
A,Magnoliopsida,Lamiales,Plantaginaceae,Penstemon,Penstemon digitalis
A,Magnoliopsida,Fabales,Fabaceae,Dalea,Dalea purpurea
A,Liliopsida,Poales,Poaceae,Phalaris,Phalaris arundinacea
A,Magnoliopsida,Ericales,Polemoniaceae,Phlox,Phlox paniculata
A,Magnoliopsida,Ericales,Polemoniaceae,Phlox,Phlox pilosa
A,Magnoliopsida,Rosales,Urticaceae,Pilea,Pilea pumila
G,Pinopsida,Pinales,Pinaceae,Pinus,Pinus banksiana
G,Pinopsida,Pinales,Pinaceae,Pinus,Pinus resinosa
G,Pinopsida,Pinales,Pinaceae,Pinus,Pinus strobus
A,Magnoliopsida,Lamiales,Plantaginaceae,Plantago,Plantago major
A,Liliopsida,Poales,Poaceae,Poa,Poa compressa
A,Liliopsida,Poales,Poaceae,Poa,Poa palustris
A,Liliopsida,Poales,Poaceae,Poa,Poa pratensis
A,Magnoliopsida,Fabales,Polygalaceae,Polygala,Polygala polygama
A,Liliopsida,Asparagales,Asparagaceae,Polygonatum,Polygonatum biflorum
A,Magnoliopsida,Caryophyllales,Polygonaceae,Polygonella,Polygonella articulata
A,Magnoliopsida,Caryophyllales,Fabaceae,Parogonum,Parogonum ciliinode
A,Magnoliopsida,Caryophyllales,Polygonaceae,Fallopia,Fallopia convolvulus
A,Magnoliopsida,Caryophyllales,Polygonaceae,Persicaria,Persicaria lapathifolia
A,Magnoliopsida,Caryophyllales,Polygonaceae,Persicaria,Persicaria pensylvanica
A,Magnoliopsida,Caryophyllales,Polygonaceae,Persicaria,Persicaria sagittata
A,Magnoliopsida,Caryophyllales,Polygonaceae,Fallopia,Fallopia scandens
A,Magnoliopsida,Caryophyllales,Polygonaceae,Polygonum,Polygonum tenue
A,Magnoliopsida,Malpighiales,Salicaceae,Populus,Populus balsamifera
A,Magnoliopsida,Malpighiales,Salicaceae,Populus,Populus deltoides
A,Magnoliopsida,Malpighiales,Salicaceae,Populus,Populus grandidentata
A,Magnoliopsida,Rosales,Rosaceae,Potentilla,Potentilla argentea
A,Magnoliopsida,Rosales,Rosaceae,Drymocallis,Drymocallis arguta
A,Magnoliopsida,Rosales,Rosaceae,Potentilla,Potentilla norvegica
A,Magnoliopsida,Rosales,Rosaceae,Comarum,Comarum palustre
A,Magnoliopsida,Rosales,Rosaceae,Potentilla,Potentilla recta
A,Magnoliopsida,Rosales,Rosaceae,Potentilla,Potentilla simplex
A,Magnoliopsida,Asterales,Asteraceae,Nabalus,Nabalus albus
A,Magnoliopsida,Asterales,Asteraceae,Nabalus,Nabalus racemosus
A,Magnoliopsida,Lamiales,Lamiaceae,Prunella,Prunella vulgaris
A,Magnoliopsida,Rosales,Rosaceae,Prunus,Prunus americana
A,Magnoliopsida,Rosales,Rosaceae,Prunus,Prunus pensylvanica
A,Magnoliopsida,Rosales,Rosaceae,Prunus,Prunus pumila
A,Magnoliopsida,Rosales,Rosaceae,Prunus,Prunus serotina
A,Magnoliopsida,Rosales,Rosaceae,Prunus,Prunus virginiana
A,Magnoliopsida,Lamiales,Lamiaceae,Pycnanthemum,Pycnanthemum virginianum
A,Magnoliopsida,Ericales,Ericaceae,Pyrola,Pyrola rotundifolia
A,Magnoliopsida,Fagales,Fagaceae,Quercus,Quercus alba
A,Magnoliopsida,Fagales,Fagaceae,Quercus,Quercus petraea
A,Magnoliopsida,Fagales,Fagaceae,Quercus,Quercus ellipsoidalis
A,Magnoliopsida,Fagales,Fagaceae,Quercus,Quercus macrocarpa
A,Magnoliopsida,Asterales,Asteraceae,Ratibida,Ratibida pinnata
A,Magnoliopsida,Rosales,Rhamnaceae,Frangula,Frangula alnus
A,Magnoliopsida,Sapindales,Anacardiaceae,Rhus,Rhus glabra
A,Magnoliopsida,Sapindales,Anacardiaceae,Toxicodendron,Toxicodendron radicans
A,Magnoliopsida,Saxifragales,Grossulariaceae,Ribes,Ribes hirtellum
A,Magnoliopsida,Fabales,Fabaceae,Robinia,Robinia pseudoacacia
A,Magnoliopsida,Rosales,Rosaceae,Rosa,Rosa arkansana
A,Magnoliopsida,Rosales,Rosaceae,Rosa,Rosa blanda
A,Magnoliopsida,Rosales,Rosaceae,Rosa,Rosa carolina
A,Magnoliopsida,Rosales,Rosaceae,Rubus,Rubus allegheniensis
A,Magnoliopsida,Rosales,Rosaceae,Rubus,Rubus canadensis
A,Magnoliopsida,Rosales,Rosaceae,Rubus,Rubus flagellaris
A,Magnoliopsida,Rosales,Rosaceae,Rubus,Rubus idaeus
A,Magnoliopsida,Rosales,Rosaceae,Rubus,Rubus occidentalis
A,Magnoliopsida,Rosales,Rosaceae,Rubus,Rubus pubescens
A,Magnoliopsida,Caryophyllales,Polygonaceae,Rumex,Rumex acetosella
A,Magnoliopsida,Malpighiales,Salicaceae,Salix,Salix bebbiana
A,Magnoliopsida,Malpighiales,Salicaceae,Salix,Salix discolor
A,Magnoliopsida,Malpighiales,Salicaceae,Salix,Salix petiolaris
A,Magnoliopsida,Malpighiales,Salicaceae,Salix,Salix humilis
A,Magnoliopsida,Malpighiales,Salicaceae,Salix,Salix interior
A,Magnoliopsida,Malpighiales,Salicaceae,Salix,Salix pedicellaris
A,Magnoliopsida,Malpighiales,Salicaceae,Salix,Salix pyrifolia
A,Magnoliopsida,Malpighiales,Salicaceae,Salix,Salix serissima
A,Magnoliopsida,Caryophyllales,Amaranthaceae,Salsola,Salsola kali
A,Liliopsida,Poales,Poaceae,Schizachne,Schizachne purpurascens
A,Liliopsida,Poales,Poaceae,Schizachyrium,Schizachyrium scoparium
A,Liliopsida,Poales,Cyperaceae,Scirpus,Scirpus cyperinus
A,Liliopsida,Poales,Cyperaceae,Eleocharis,Eleocharis geniculata
A,Liliopsida,Poales,Cyperaceae,Scleria,Scleria triglomerata
A,Magnoliopsida,Lamiales,Lamiaceae,Scutellaria,Scutellaria galericulata
A,Magnoliopsida,Lamiales,Lamiaceae,Scutellaria,Scutellaria lateriflora
A,Magnoliopsida,Lamiales,Lamiaceae,Scutellaria,Scutellaria parvula
A,Liliopsida,Poales,Poaceae,Secale,Secale cereale
A,Liliopsida,Poales,Poaceae,Secale,Secale vavilovii
A,Magnoliopsida,Asterales,Asteraceae,Packera,Packera aurea
A,Magnoliopsida,Asterales,Asteraceae,Packera,Packera paupercula
A,Liliopsida,Poales,Poaceae,Setaria,Setaria italica
A,Liliopsida,Poales,Poaceae,Setaria,Setaria viridis
A,Magnoliopsida,Brassicales,Brassicaceae,Sisymbrium,Sisymbrium altissimum
A,Liliopsida,Asparagales,Iridaceae,Sisyrinchium,Sisyrinchium campestre
A,Liliopsida,Liliales,Smilacaceae,Smilax,Smilax herbacea
A,Magnoliopsida,Solanales,Solanaceae,Solanum,Solanum americanum
A,Magnoliopsida,Solanales,Solanaceae,Solanum,Solanum dulcamara
A,Magnoliopsida,Asterales,Asteraceae,Solidago,Solidago gigantea
A,Magnoliopsida,Asterales,Asteraceae,Solidago,Solidago juncea
A,Magnoliopsida,Asterales,Asteraceae,Solidago,Solidago nemoralis
A,Magnoliopsida,Asterales,Asteraceae,Solidago,Solidago rigida
A,Magnoliopsida,Asterales,Asteraceae,Solidago,Solidago speciosa
A,Magnoliopsida,Asterales,Asteraceae,Sonchus,Sonchus arvensis
A,Liliopsida,Poales,Poaceae,Sorghastrum,Sorghastrum nutans
A,Liliopsida,Poales,Poaceae,Sporobolus,Sporobolus michauxianus
A,Magnoliopsida,Rosales,Rosaceae,Spiraea,Spiraea alba
A,Magnoliopsida,Rosales,Rosaceae,Spiraea,Spiraea tomentosa
A,Liliopsida,Poales,Poaceae,Sporobolus,Sporobolus cryptandrus
A,Liliopsida,Poales,Poaceae,Sporobolus,Sporobolus heterolepis
A,Magnoliopsida,Lamiales,Lamiaceae,Stachys,Stachys palustris
A,Magnoliopsida,Lamiales,Lamiaceae,Stachys,Stachys tenuifolia
A,Magnoliopsida,Caryophyllales,Caryophyllaceae,Stellaria,Stellaria longifolia
A,Liliopsida,Poales,Poaceae,Hesperostipa,Hesperostipa comata
A,Liliopsida,Poales,Poaceae,Hesperostipa,Hesperostipa spartea
A,Liliopsida,Poales,Poaceae,Trachypogon,Trachypogon spicatus
A,Liliopsida,Liliales,Liliaceae,Streptopus,Streptopus lanceolatus
A,Magnoliopsida,Fabales,Fabaceae,Strophostyles,Strophostyles leiosperma
A,Magnoliopsida,Ranunculales,Ranunculaceae,Thalictrum,Thalictrum dasycarpum
A,Magnoliopsida,Ranunculales,Ranunculaceae,Thalictrum,Thalictrum dioicum
A,Liliopsida,Commelinales,Commelinaceae,Tradescantia,Tradescantia bracteata
A,Liliopsida,Commelinales,Commelinaceae,Tradescantia,Tradescantia occidentalis
A,Magnoliopsida,Malpighiales,Hypericaceae,Triadenum,Triadenum fraseri
A,Magnoliopsida,Ericales,Primulaceae,Lysimachia,Lysimachia borealis
A,Magnoliopsida,Fabales,Fabaceae,Trifolium,Trifolium arvense
A,Magnoliopsida,Fabales,Fabaceae,Trifolium,Trifolium hybridum
A,Magnoliopsida,Fabales,Fabaceae,Trifolium,Trifolium pratense
A,Magnoliopsida,Fabales,Fabaceae,Trifolium,Trifolium repens
A,Magnoliopsida,Rosales,Ulmaceae,Ulmus,Ulmus americana
A,Magnoliopsida,Rosales,Ulmaceae,Ulmus,Ulmus pumila
A,Magnoliopsida,Ericales,Ericaceae,Vaccinium,Vaccinium angustifolium
A,Magnoliopsida,Ericales,Ericaceae,Vaccinium,Vaccinium myrtilloides
A,Magnoliopsida,Lamiales,Verbenaceae,Verbena,Verbena stricta
A,Magnoliopsida,Lamiales,Plantaginaceae,Veronicastrum,Veronicastrum virginicum
A,Magnoliopsida,Dipsacales,Viburnaceae,Viburnum,Viburnum lentago
A,Magnoliopsida,Fabales,Fabaceae,Vicia,Vicia sativa
A,Magnoliopsida,Fabales,Fabaceae,Vicia,Vicia villosa
A,Magnoliopsida,Malpighiales,Violaceae,Viola,Viola macloskeyi
A,Magnoliopsida,Malpighiales,Violaceae,Viola,Viola palustris
A,Magnoliopsida,Malpighiales,Violaceae,Viola,Viola pedata
A,Magnoliopsida,Malpighiales,Violaceae,Viola,Viola pedatifida
A,Magnoliopsida,Malpighiales,Violaceae,Viola,Viola selkirkii
A,Magnoliopsida,Vitales,Vitaceae,Vitis,Vitis vulpina
A,Magnoliopsida,Sapindales,Rutaceae,Zanthoxylum,Zanthoxylum americanum
A,Magnoliopsida,Apiales,Apiaceae,Zizia,Zizia aptera
A,Magnoliopsida,Rosales,Rosaceae,Amelanchier,Amelanchier interior
A,Magnoliopsida,Asterales,Asteraceae,Artemisia,Artemisia campestris
A,Liliopsida,Poales,Poaceae,Bouteloua,Bouteloua hirsuta
A,Magnoliopsida,Asterales,Asteraceae,Cirsium,Cirsium altissimum
A,Magnoliopsida,Malvales,Cistaceae,Crocanthemum,Crocanthemum bicknellii
A,Magnoliopsida,Fabales,Fabaceae,Dalea,Dalea candida
A,Liliopsida,Poales,Poaceae,Dichanthelium,Dichanthelium linearifolium
A,Magnoliopsida,Asterales,Asteraceae,Erigeron,Erigeron philadelphicus
A,Magnoliopsida,Gentianales,Rubiaceae,Galium,Galium concinnum
A,Magnoliopsida,Gentianales,Rubiaceae,Galium,Galium obtusum
A,Magnoliopsida,Boraginales,Boraginaceae,Hackelia,Hackelia virginiana
A,Liliopsida,Poales,Poaceae,Koeleria,Koeleria pyramidata
A,Magnoliopsida,Fabales,Fabaceae,Melilotus,Melilotus albus
A,Magnoliopsida,Asterales,Asteraceae,Echinacea,Echinacea purpurea
A,Magnoliopsida,Asterales,Asteraceae,Vernonia,Vernonia fasciculata
A,Magnoliopsida,Brassicales,Brassicaceae,Boechera,Boechera divaricarpa
A,Liliopsida,Poales,Poaceae,Aristida,Aristida basiramea
A,Liliopsida,Poales,Poaceae,Aristida,Aristida tuberculosa
A,Magnoliopsida,Asterales,Asteraceae,Bidens,Bidens trichosperma
A,Liliopsida,Poales,Poaceae,Sporobolus,Sporobolus rigidus
A,Liliopsida,Poales,Poaceae,Eragrostis,Eragrostis trichodes
A,Liliopsida,Asparagales,Orchidaceae,Platanthera,Platanthera lacera
A,Magnoliopsida,Boraginales,Boraginaceae,Hackelia,Hackelia deflexa
A,Magnoliopsida,Lamiales,Lamiaceae,Hedeoma,Hedeoma hispida
A,Magnoliopsida,Asterales,Asteraceae,Helianthus,Helianthus giganteus
A,Magnoliopsida,Asterales,Asteraceae,Helianthus,Helianthus petiolaris
A,Magnoliopsida,Malpighiales,Hypericaceae,Hypericum,Hypericum majus
A,Magnoliopsida,Malvales,Cistaceae,Lechea,Lechea stricta
A,Magnoliopsida,Asterales,Campanulaceae,Lobelia,Lobelia spicata
A,Magnoliopsida,Myrtales,Onagraceae,Oenothera,Oenothera rhombipetala
A,Magnoliopsida,Fabales,Fabaceae,Dalea,Dalea villosa
A,Magnoliopsida,Fabales,Polygalaceae,Polygala,Polygala sanguinea
A,Magnoliopsida,Caryophyllales,Polygonaceae,Rumex,Rumex britannica
A,Magnoliopsida,Saxifragales,Saxifragaceae,Micranthes,Micranthes pensylvanica
A,Magnoliopsida,Asterales,Asteraceae,Solidago,Solidago altissima
A,Liliopsida,Poales,Poaceae,Festuca,Festuca guestphalica
A,Magnoliopsida,Boraginales,Boraginaceae,Lithospermum,Lithospermum caroliniense
A,Magnoliopsida,Malpighiales,Violaceae,Viola,Viola sagittata
A,Magnoliopsida,Sapindales,Sapindaceae,Acer,Acer sp.
A,Magnoliopsida,Asterales,Asteraceae,Achillea,Achillea sp.
A,Magnoliopsida,Rosales,Rosaceae,Agrimonia,Agrimonia sp.
A,Liliopsida,Poales,Poaceae,Agrostis,Agrostis sp.
A,Liliopsida,Asparagales,Amaryllidaceae,Allium,Allium sp.
A,Magnoliopsida,Rosales,Rosaceae,Amelanchier,Amelanchier spicata
A,Magnoliopsida,Rosales,Rosaceae,Amelanchier,Amelanchier sp.
A,Magnoliopsida,Ranunculales,Ranunculaceae,Pulsatilla,Anemone patens
A,Magnoliopsida,Asterales,Asteraceae,Antennaria,Antennaria sp.
A,Magnoliopsida,Gentianales,Apocynaceae,Gymnema,Gymnema sp.
A,Magnoliopsida,Brassicales,Brassicaceae,Boechera,Arabis divaricarpa
A,Magnoliopsida,Brassicales,Brassicaceae,Arabis,Arabis sp.
A,Liliopsida,Poales,Poaceae,Aristida,Aristida sp.
A,Magnoliopsida,Asterales,Asteraceae,Artemisia,Artemisia sp.
A,Magnoliopsida,Gentianales,Apocynaceae,Asclepias,Asclepias sp.
A,Magnoliopsida,Asterales,Asteraceae,Aster,Aster sp.
A,Magnoliopsida,Asterales,Asteraceae,Bidens,Bidens sp.
A,Liliopsida,Poales,Poaceae,Bouteloua,Chondrosum hirsutum
A,Liliopsida,Poales,Poaceae,Bouteloua,Bouteloua sp.
A,Liliopsida,Poales,Poaceae,Bromus,Bromus sp.
A,Liliopsida,Poales,Poaceae,Bouteloua,Buchloe dactyloides
A,Liliopsida,Poales,Poaceae,Calamagrostis,Calamagrostis inexpansa
A,Liliopsida,Poales,Poaceae,Calamagrostis,Calamagrostis sp.
A,Liliopsida,Poales,Poaceae,Calamovilfa,Calamovilfa longifolia
A,Liliopsida,Poales,Poaceae,Sporobolus,Sporobolus sp.
A,Magnoliopsida,Asterales,Campanulaceae,Palustricodon,Campanula aparinoides
A,Magnoliopsida,Asterales,Campanulaceae,Palustricodon,Campanula sp.
A,Magnoliopsida,Myrtales,Combretaceae,Combretum,Combretum sp.
A,Liliopsida,Poales,Cyperaceae,Carex,Carex sp.
A,Magnoliopsida,Caryophyllales,Amaranthaceae,Chenopodiastrum,Chenopodium hybridum
A,Magnoliopsida,Caryophyllales,Amaranthaceae,Chenopodium,Chenopodium sp.
A,Magnoliopsida,Asterales,Asteraceae,Cirsium,Cirsium sp.
A,Magnoliopsida,Apiales,Apiaceae,Heptaptera,Colladonia sp.
A,Magnoliopsida,Cornales,Cornaceae,Cornus,Cornus sp.
A,Magnoliopsida,Caryophyllales,Amaranthaceae,Dysphania,Cycloloma atriplicifolium
A,Liliopsida,Poales,Cyperaceae,Cyperus,Cyperus sp.
A,Magnoliopsida,Fabales,Fabaceae,Hylodesmum,Desmodium glutinosum
A,Liliopsida,Poales,Poaceae,Digitaria,Digitaria sp.
A,Liliopsida,Poales,Cyperaceae,Eleocharis,Eleocharis sp.
A,Liliopsida,Poales,Poaceae,Elymus,Elymus trachycaulus
A,Magnoliopsida,Myrtales,Onagraceae,Epilobium,Epilobium sp.
A,Magnoliopsida,Asterales,Asteraceae,Erechtites,Erechtites hieracifolia
A,Magnoliopsida,Asterales,Asteraceae,Erigeron,Erigeron sp.
A,Magnoliopsida,Asterales,Asteraceae,Eutrochium,Eupatorium maculatum
A,Magnoliopsida,Asterales,Asteraceae,Ageratina,Ageratina liebmannii
A,Magnoliopsida,Malpighiales,Euphorbiaceae,Euphorbia,Euphorbia sp.
A,Liliopsida,Poales,Poaceae,Festuca,Festuca sp.
A,Magnoliopsida,Rosales,Rosaceae,Fragaria,Fragaria sp.
A,Magnoliopsida,Gentianales,Rubiaceae,Galium,Galium sp.
A,Liliopsida,Poales,Poaceae,Glyceria,Glyceria sp.
A,Magnoliopsida,Asterales,Asteraceae,Gamochaeta,Gnaphalium purpureum
A,Magnoliopsida,Asterales,Asteraceae,Gnaphalium,Gnaphalium sp.
A,Magnoliopsida,Asterales,Asteraceae,Hieracium,Hieracium crassescens
A,Magnoliopsida,Malvales,Cistaceae,Crocanthemum,Helianthemum bicknellii
A,Magnoliopsida,Asterales,Asteraceae,Helianthus,Helianthus laetiflorus
A,Magnoliopsida,Asterales,Asteraceae,Helianthus,Helianthus sp.
A,Magnoliopsida,Asterales,Asteraceae,Hieracium,Hieracium sp.
A,Liliopsida,Poales,Poaceae,Anthoxanthum,Hierochloe odorata
A,Magnoliopsida,Aquifoliales,Aquifoliaceae,Ilex,Ilex sp.
A,Liliopsida,Poales,Juncaceae,Juncus,Juncus sp.
G,Pinopsida,Pinales,Cupressaceae,Juniperus,Juniperus sp.
A,Liliopsida,Poales,Poaceae,Cinnagrostis,Koeleria micrathera
A,Magnoliopsida,Asterales,Asteraceae,Lactuca,Lactuca sp.
A,Magnoliopsida,Brassicales,Brassicaceae,Leavenworthia,Leavenworthia sp.
A,Liliopsida,Alismatales,Araceae,Lemna,Lemna sp.
A,Magnoliopsida,Brassicales,Brassicaceae,Lepidium,Lepidium sp.
A,Magnoliopsida,Apiales,Apiaceae,Lichtensteinia,Lichtensteinia sp.
A,Magnoliopsida,Boraginales,Boraginaceae,Lithospermum,Lithospermum sp.
A,Magnoliopsida,Fabales,Fabaceae,Lupinus,Lupinus sp.
A,Magnoliopsida,Lamiales,Lamiaceae,Lycopus,Lycopus sp.
A,Magnoliopsida,Fabales,Fabaceae,Medicago,Medicago sp.
A,Magnoliopsida,Fabales,Fabaceae,Melilotus,Melilotus sp.
A,Magnoliopsida,Caryophyllales,Nyctaginaceae,Mirabilis,Mirabilis hirsuta
A,Liliopsida,Poales,Poaceae,Miscanthus,Miscanthus giganteus
A,Liliopsida,Poales,Cyperaceae,Carex,Carex lativena
A,Magnoliopsida,Myrtales,Onagraceae,Oenothera,Oenothera sp.
A,Magnoliopsida,Oxalidales,Oxalidaceae,Oxalis,Oxalis sp.
A,Liliopsida,Poales,Poaceae,Panicum,Panicum acuminatum
A,Liliopsida,Poales,Poaceae,Dichanthelium,Panicum leibergii
A,Liliopsida,Poales,Poaceae,Dichanthelium,Panicum oligosanthes
A,Liliopsida,Poales,Poaceae,Dichanthelium,Panicum perlongum
A,Liliopsida,Poales,Poaceae,Panicum,Panicum sp.
A,Magnoliopsida,Vitales,Vitaceae,Parthenocissus,Parthenocissus sp.
A,Magnoliopsida,Lamiales,Orobanchaceae,Pedicularis,Pedicularis sp.
A,Magnoliopsida,Lamiales,Plantaginaceae,Penstemon,Penstemon grandiflorus
A,Magnoliopsida,Lamiales,Plantaginaceae,Penstemon,Penstemon sp.
A,Magnoliopsida,Fabales,Fabaceae,Dalea,Petalostemon candidus
A,Magnoliopsida,Fabales,Fabaceae,Dalea,Petalostemon purpureus
A,Magnoliopsida,Fabales,NA,Petalostemum,Petalostemum sp.
A,Magnoliopsida,Ericales,Polemoniaceae,Phlox,Phlox sp.
A,Magnoliopsida,Solanales,Solanaceae,Physalis,Physalis sp.
G,Pinopsida,Pinales,Pinaceae,Picea,Picea sp.
G,Pinopsida,Pinales,Pinaceae,Pinus,Pinus sp.
A,Magnoliopsida,Lamiales,Plantaginaceae,Plantago,Plantago sp.
A,Liliopsida,Poales,Poaceae,Poa,Poa sp.
A,Magnoliopsida,Fabales,Polygalaceae,Polygala,Polygala sp.
A,Liliopsida,Asparagales,Asparagaceae,Polygonatum,Polygonatum sp.
A,Magnoliopsida,Caryophyllales,Polygonaceae,Parogonum,Fallopia cilinodis
A,Magnoliopsida,Caryophyllales,Polygonaceae,Polygonum,Polygonum sp.
A,Magnoliopsida,Rosales,Rosaceae,Drymocallis,Potentilla arguta
A,Magnoliopsida,Rosales,Rosaceae,Potentilla,Potentilla sp.
A,Magnoliopsida,Rosales,Rosaceae,Prunus,Prunus sp.
A,Magnoliopsida,Ericales,Ericaceae,Pyrola,Pyrola sp.
A,Magnoliopsida,Fagales,Fagaceae,Quercus,Quercus sp.
A,Magnoliopsida,Ranunculales,Ranunculaceae,Ranunculus,Ranunculus rhomboideus
A,Magnoliopsida,Rosales,Rhamnaceae,Rhamnus,Rhamnus sp.
A,Magnoliopsida,Sapindales,Anacardiaceae,Rhus,Rhus sp.
A,Magnoliopsida,Caryophyllales,Aizoaceae,Roosia,Roosia sp.
A,Magnoliopsida,Rosales,Rosaceae,Rubus,Rubus sp.
A,Magnoliopsida,Asterales,Asteraceae,Echinacea,Echinacea serotina
A,Magnoliopsida,Caryophyllales,Polygonaceae,Rumex,Rumex mexicanus
A,Magnoliopsida,Caryophyllales,Polygonaceae,Rumex,Rumex sp.
A,Magnoliopsida,Malpighiales,Salicaceae,Salix,Salix sp.
A,Magnoliopsida,Saxifragales,Saxifragaceae,Micranthes,Saxifraga pensylvanica
A,Magnoliopsida,Asterales,Asteraceae,Senecio,Senecio aureus
A,Magnoliopsida,Asterales,Asteraceae,Senecio,Senecio sp.
A,Liliopsida,Poales,Poaceae,Cenchrus,Pennisetum glaucum
A,Liliopsida,Poales,Poaceae,Setaria,Setaria sp.
A,Magnoliopsida,Caryophyllales,Caryophyllaceae,Silene,Silene sp.
A,Magnoliopsida,Asterales,Asteraceae,Solidago,Solidago sp.
A,Liliopsida,Poales,Poaceae,Sporobolus,Spartina pectinata
A,Magnoliopsida,Lamiales,Lamiaceae,Stachys,Stachys sp.
A,Magnoliopsida,Asterales,Asteraceae,Taraxacum,Taraxacum sp.
A,Magnoliopsida,Asterales,Asteraceae,Taraxacum,Taraxacum campylodes
A,Liliopsida,Commelinales,Commelinaceae,Tradescantia,Tradescantia sp.
A,Magnoliopsida,Asterales,Asteraceae,Tragopogon,Tragopogon duarius
A,Magnoliopsida,Ericales,Primulaceae,Lysimachia,Trientalis borealis
A,Magnoliopsida,Fabales,Fabaceae,Trifolium,Trifolium sp.
A,Liliopsida,Poales,Typhaceae,Typha,Typha sp.
A,Magnoliopsida,Rosales,Ulmaceae,Ulmus,Ulmus sp.
A,Magnoliopsida,Lamiales,Lentibulariaceae,Utricularia,Utricularia sp.
A,Magnoliopsida,Ericales,Ericaceae,Vaccinium,Vaccinium sp.
A,Magnoliopsida,Malpighiales,Violaceae,Viola,Viola sp.
A,Liliopsida,Poales,Xyridaceae,Xyris,Xyris torta
A,Magnoliopsida,Asterales,Asteraceae,Hieracium,Pilosella longipila
A,Liliopsida,Poales,Poaceae,Dichanthelium,Dichanthelium praecocius
A,Liliopsida,Poales,Poaceae,Andropogon,Andropogon gerardii
A,Magnoliopsida,Fabales,Fabaceae,Amphicarpaea,Amphicarpa bracteata
A,Magnoliopsida,Fabales,Fabaceae,Vicia,Vicia setifolia
A,Magnoliopsida,Ranunculales,Ranunculaceae,Pulsatilla,Pulsatilla patens
A,Magnoliopsida,Vitales,Vitaceae,Parthenocissus,Parthenocissus vitacea
A,Magnoliopsida,Lamiales,Plantaginaceae,Penstemon,Penstemon cobaea
A,Magnoliopsida,Caryophyllales,Cactaceae,Deamia,Demia testudo
A,Magnoliopsida,Gentianales,Rubiaceae,Galium,Galium asperellum
A,Magnoliopsida,Gentianales,Rubiaceae,Galium,Galium trifolium
