class,order,family,genus,species
Magnoliopsida,Sapindales,Sapindaceae,Acer,Acer negundo
Magnoliopsida,Sapindales,Sapindaceae,Acer,Acer rubrum
Magnoliopsida,Asterales,Asteraceae,Achillea,Achillea millefolium
Magnoliopsida,Lamiales,Lamiaceae,Agastache,Agastache foeniculum
Liliopsida,Poales,Poaceae,Elymus,Elymus repens
Liliopsida,Poales,Poaceae,Elymus,Elymus smithii
Liliopsida,Poales,Poaceae,Poa,Poa nemoralis
Liliopsida,Poales,Poaceae,Agrostis,Agrostis scabra
Liliopsida,Asparagales,Amaryllidaceae,Allium,Allium cernuum
Liliopsida,Asparagales,Amaryllidaceae,Allium,Allium stellatum
Magnoliopsida,Fagales,Betulaceae,Alnus,Alnus incana
Magnoliopsida,Caryophyllales,Amaranthaceae,Amaranthus,Amaranthus retroflexus
Magnoliopsida,Asterales,Asteraceae,Ambrosia,Ambrosia artemisiifolia
Magnoliopsida,Asterales,Asteraceae,Ambrosia,Ambrosia psilostachya
Magnoliopsida,Rosales,Rosaceae,Amelanchier,Amelanchier alnifolia
Magnoliopsida,Rosales,Rosaceae,Amelanchier,Amelanchier arborea
Magnoliopsida,Rosales,Rosaceae,Amelanchier,Amelanchier spicata
Magnoliopsida,Rosales,Rosaceae,Amelanchier,Amelanchier laevis
Magnoliopsida,Rosales,Rosaceae,Amelanchier,Amelanchier sanguinea
Magnoliopsida,Fabales,Fabaceae,Amorpha,Amorpha canescens
Magnoliopsida,Fabales,Fabaceae,Amphicarpaea,Amphicarpaea bracteata
Liliopsida,Poales,Poaceae,Andropogon,Andropogon gerardi
Magnoliopsida,Ranunculales,Ranunculaceae,Anemone,Anemone cylindrica
Magnoliopsida,Ranunculales,Ranunculaceae,Anemone,Anemone patens
Magnoliopsida,Ranunculales,Ranunculaceae,Anemone,Anemone quinquefolia
Magnoliopsida,Ranunculales,Ranunculaceae,Anemone,Anemone virginiana
Magnoliopsida,Asterales,Asteraceae,Antennaria,Antennaria parlinii
Magnoliopsida,Asterales,Asteraceae,Antennaria,Antennaria neglecta
Magnoliopsida,Asterales,Asteraceae,Antennaria,Antennaria plantaginifolia
Magnoliopsida,Gentianales,Apocynaceae,Apocynum,Apocynum androsaemifolium
Magnoliopsida,Gentianales,Apocynaceae,Apocynum,Apocynum cannabinum
Magnoliopsida,Ranunculales,Ranunculaceae,Aquilegia,Aquilegia canadensis
Magnoliopsida,Brassicales,Brassicaceae,Boechera,Boechera divaricarpa
Magnoliopsida,Brassicales,Brassicaceae,Turritis,Turritis glabra
Magnoliopsida,Brassicales,Brassicaceae,Arabis,Arabis hirsuta
Magnoliopsida,Apiales,Araliaceae,Aralia,Aralia nudicaulis
Magnoliopsida,Caryophyllales,Caryophyllaceae,Moehringia,Moehringia lateriflora
Liliopsida,Poales,Poaceae,Aristida,Aristida basiramea
Liliopsida,Poales,Poaceae,Aristida,Aristida tuberculosa
Magnoliopsida,Rosales,Rosaceae,Aronia,Aronia melanocarpa
Magnoliopsida,Asterales,Asteraceae,Artemisia,Artemisia ludoviciana
Magnoliopsida,Gentianales,Apocynaceae,Asclepias,Asclepias exaltata
Magnoliopsida,Gentianales,Apocynaceae,Asclepias,Asclepias incarnata
Magnoliopsida,Gentianales,Apocynaceae,Asclepias,Asclepias ovalifolia
Magnoliopsida,Gentianales,Apocynaceae,Asclepias,Asclepias syriaca
Magnoliopsida,Gentianales,Apocynaceae,Asclepias,Asclepias tuberosa
Magnoliopsida,Gentianales,Apocynaceae,Asclepias,Asclepias verticillata
Magnoliopsida,Gentianales,Apocynaceae,Asclepias,Asclepias viridiflora
Liliopsida,Asparagales,Asparagaceae,Asparagus,Asparagus officinalis
Magnoliopsida,Asterales,Asteraceae,Symphyotrichum,Symphyotrichum oolentangiense
Magnoliopsida,Asterales,Asteraceae,Symphyotrichum,Symphyotrichum ericoides
Magnoliopsida,Asterales,Asteraceae,Symphyotrichum,Symphyotrichum boreale
Magnoliopsida,Asterales,Asteraceae,Symphyotrichum,Symphyotrichum lanceolatum
Magnoliopsida,Asterales,Asteraceae,Eurybia,Eurybia macrophylla
Magnoliopsida,Asterales,Asteraceae,Symphyotrichum,Symphyotrichum novae-angliae
Magnoliopsida,Asterales,Asteraceae,Solidago,Solidago ptarmicoides
Magnoliopsida,Asterales,Asteraceae,Symphyotrichum,Symphyotrichum puniceum
Magnoliopsida,Asterales,Asteraceae,Doellingeria,Doellingeria umbellata
Magnoliopsida,Fabales,Fabaceae,Astragalus,Astragalus canadensis
Magnoliopsida,Fabales,Fabaceae,Baptisia,Baptisia alba
Magnoliopsida,Brassicales,Brassicaceae,Barbarea,Barbarea vulgaris
Magnoliopsida,Brassicales,Brassicaceae,Berteroa,Berteroa incana
Magnoliopsida,Fagales,Betulaceae,Betula,Betula alleghaniensis
Magnoliopsida,Fagales,Betulaceae,Betula,Betula papyrifera
Magnoliopsida,Fagales,Betulaceae,Betula,Betula pumila
Magnoliopsida,Asterales,Asteraceae,Bidens,Bidens cernua
Magnoliopsida,Asterales,Asteraceae,Bidens,Bidens trichosperma
Magnoliopsida,Asterales,Asteraceae,Bidens,Bidens tripartita
Liliopsida,Poales,Poaceae,Bouteloua,Bouteloua curtipendula
Liliopsida,Poales,Poaceae,Bouteloua,Bouteloua aristidoides
Liliopsida,Poales,Poaceae,Chondrosum,Chondrosum hirsutum
Liliopsida,Poales,Poaceae,Bromus,Bromus ciliatus
Liliopsida,Poales,Poaceae,Bromus,Bromus inermis
Liliopsida,Poales,Poaceae,Bromus,Bromus kalmii
Liliopsida,Poales,Poaceae,Bromus,Bromus tectorum
Liliopsida,Poales,Poaceae,Bouteloua,Bouteloua dactyloides
Liliopsida,Poales,Poaceae,Calamagrostis,Calamagrostis canadensis
Liliopsida,Poales,Poaceae,Calamagrostis,Calamagrostis stricta
Liliopsida,Poales,Poaceae,Sporobolus,Sporobolus rigidus
Magnoliopsida,Ranunculales,Ranunculaceae,Caltha,Caltha palustris
Magnoliopsida,Asterales,Campanulaceae,Campanula,Campanula aparinoides
Magnoliopsida,Asterales,Campanulaceae,Campanula,Campanula rotundifolia
Magnoliopsida,Brassicales,Brassicaceae,Capsella,Capsella bursa-pastoris
Liliopsida,Poales,Cyperaceae,Carex,Carex bebbii
Liliopsida,Poales,Cyperaceae,Carex,Carex bicknellii
Liliopsida,Poales,Cyperaceae,Carex,Carex canescens
Liliopsida,Poales,Cyperaceae,Carex,Carex echinata
Liliopsida,Poales,Cyperaceae,Carex,Carex chordorrhiza
Liliopsida,Poales,Cyperaceae,Carex,Carex comosa
Liliopsida,Poales,Cyperaceae,Carex,Carex diandra
Liliopsida,Poales,Cyperaceae,Carex,Carex disperma
Liliopsida,Poales,Cyperaceae,Carex,Carex foenea
Liliopsida,Poales,Cyperaceae,Carex,Carex gracillima
Liliopsida,Poales,Cyperaceae,Carex,Carex haydenii
Liliopsida,Poales,Cyperaceae,Carex,Carex interior
Liliopsida,Poales,Cyperaceae,Carex,Carex lacustris
Liliopsida,Poales,Cyperaceae,Carex,Carex lasiocarpa
Liliopsida,Poales,Cyperaceae,Carex,Carex vulpinoidea
Liliopsida,Poales,Cyperaceae,Carex,Carex oligosperma
Liliopsida,Poales,Cyperaceae,Carex,Carex pensylvanica
Liliopsida,Poales,Cyperaceae,Carex,Carex rostrata
Liliopsida,Poales,Cyperaceae,Carex,Carex scoparia
Liliopsida,Poales,Cyperaceae,Carex,Carex stricta
Magnoliopsida,Fabales,Fabaceae,Chamaecrista,Chamaecrista fasciculata
Magnoliopsida,Rosales,Rhamnaceae,Ceanothus,Ceanothus americanus
Magnoliopsida,Celastrales,Celastraceae,Celastrus,Celastrus scandens
Liliopsida,Poales,Poaceae,Cenchrus,Cenchrus longispinus
Magnoliopsida,Ericales,Ericaceae,Chamaedaphne,Chamaedaphne calyculata
Magnoliopsida,Caryophyllales,Amaranthaceae,Chenopodium,Chenopodium album
Magnoliopsida,Caryophyllales,Amaranthaceae,Chenopodiastrum,Chenopodiastrum hybridum
Magnoliopsida,Caryophyllales,Amaranthaceae,Chenopodium,Chenopodium leptophyllum
Magnoliopsida,Asterales,Asteraceae,Heterotheca,Heterotheca villosa
Magnoliopsida,Apiales,Apiaceae,Cicuta,Cicuta bulbifera
Magnoliopsida,Myrtales,Onagraceae,Circaea,Circaea lutetiana
Magnoliopsida,Asterales,Asteraceae,Cirsium,Cirsium arvense
Magnoliopsida,Asterales,Asteraceae,Cirsium,Cirsium discolor
Magnoliopsida,Santalales,Santalaceae,Comandra,Comandra umbellata
Magnoliopsida,Solanales,Convolvulaceae,Convolvulus,Convolvulus arvensis
Magnoliopsida,Asterales,Asteraceae,Erigeron,Erigeron canadensis
Magnoliopsida,Asterales,Asteraceae,Coreopsis,Coreopsis palmata
Magnoliopsida,Cornales,Cornaceae,Cornus,Cornus alternifolia
Magnoliopsida,Cornales,Cornaceae,Cornus,Cornus racemosa
Magnoliopsida,Cornales,Cornaceae,Cornus,Cornus sericea
Magnoliopsida,Fagales,Betulaceae,Corylus,Corylus americana
Magnoliopsida,Asterales,Asteraceae,Crepis,Crepis tectorum
Magnoliopsida,Caryophyllales,Amaranthaceae,Dysphania,Dysphania atriplicifolia
Liliopsida,Poales,Cyperaceae,Cyperus,Cyperus filiculmis
Liliopsida,Poales,Cyperaceae,Cyperus,Cyperus schweinitzii
Liliopsida,Poales,Cyperaceae,Cyperus,Cyperus strigosus
Liliopsida,Poales,Poaceae,Danthonia,Danthonia spicata
Magnoliopsida,Ranunculales,Ranunculaceae,Delphinium,Delphinium carolinianum
Magnoliopsida,Fabales,Fabaceae,Desmodium,Desmodium canadense
Magnoliopsida,Fabales,Fabaceae,Hylodesmum,Hylodesmum glutinosum
Liliopsida,Poales,Poaceae,Digitaria,Digitaria ischaemum
Liliopsida,Poales,Poaceae,Digitaria,Digitaria sanguinalis
Liliopsida,Poales,Cyperaceae,Dulichium,Dulichium arundinaceum
Magnoliopsida,Asterales,Asteraceae,Echinacea,Echinacea purpurea
Liliopsida,Poales,Poaceae,Elymus,Elymus canadensis
Liliopsida,Poales,Poaceae,Elymus,Elymus violaceus
Magnoliopsida,Myrtales,Onagraceae,Chamaenerion,Chamaenerion angustifolium
Magnoliopsida,Myrtales,Onagraceae,Epilobium,Epilobium ciliatum
Magnoliopsida,Myrtales,Onagraceae,Epilobium,Epilobium leptophyllum
Liliopsida,Poales,Poaceae,Eragrostis,Eragrostis spectabilis
Liliopsida,Poales,Poaceae,Eragrostis,Eragrostis trichodes
Magnoliopsida,Asterales,Asteraceae,Erechtites,Erechtites hieracifolia
Magnoliopsida,Asterales,Asteraceae,Erigeron,Erigeron annuus
Magnoliopsida,Asterales,Asteraceae,Erigeron,Erigeron strigosus
Magnoliopsida,Asterales,Asteraceae,Eutrochium,Eutrochium maculatum
Magnoliopsida,Asterales,Asteraceae,Eupatorium,Eupatorium perfoliatum
Magnoliopsida,Asterales,Asteraceae,Ageratina,Ageratina liebmannii
Magnoliopsida,Malpighiales,Euphorbiaceae,Euphorbia,Euphorbia corollata
Magnoliopsida,Malpighiales,Euphorbiaceae,Euphorbia,Euphorbia geyeri
Magnoliopsida,Malpighiales,Euphorbiaceae,Euphorbia,Euphorbia glyptosperma
Magnoliopsida,Asterales,Asteraceae,Euthamia,Euthamia graminifolia
Liliopsida,Poales,Poaceae,Festuca,Festuca ovina
Liliopsida,Poales,Poaceae,Festuca,Festuca guestfalica
Liliopsida,Poales,Poaceae,Festuca,Festuca rubra
Magnoliopsida,Rosales,Rosaceae,Fragaria,Fragaria vesca
Magnoliopsida,Rosales,Rosaceae,Fragaria,Fragaria virginiana
Magnoliopsida,Lamiales,Oleaceae,Fraxinus,Fraxinus americana
Magnoliopsida,Lamiales,Oleaceae,Fraxinus,Fraxinus nigra
Magnoliopsida,Lamiales,Oleaceae,Fraxinus,Fraxinus pennsylvanica
Magnoliopsida,Lamiales,Gesneriaceae,Seemannia,Seemannia sylvatica
Magnoliopsida,Gentianales,Rubiaceae,Galium,Galium aparine
Magnoliopsida,Gentianales,Rubiaceae,Galium,Galium boreale
Magnoliopsida,Gentianales,Rubiaceae,Galium,Galium trifidum
Magnoliopsida,Gentianales,Rubiaceae,Galium,Galium triflorum
Magnoliopsida,Gentianales,Gentianaceae,Gentiana,Gentiana andrewsii
Magnoliopsida,Geraniales,Geraniaceae,Geranium,Geranium maculatum
Magnoliopsida,Lamiales,Lamiaceae,Glechoma,Glechoma hederacea
Liliopsida,Poales,Poaceae,Glyceria,Glyceria grandis
Magnoliopsida,Asterales,Asteraceae,Gamochaeta,Gamochaeta purpurea
Magnoliopsida,Asterales,Asteraceae,Gnaphalium,Gnaphalium uliginosum
Magnoliopsida,Asterales,Asteraceae,Hieracium,Hieracium crassescens
Liliopsida,Asparagales,Orchidaceae,Platanthera,Platanthera lacera
Magnoliopsida,Boraginales,Boraginaceae,Hackelia,Hackelia deflexa
Magnoliopsida,Lamiales,Lamiaceae,Hedeoma,Hedeoma hispida
Magnoliopsida,Asterales,Asteraceae,Helenium,Helenium autumnale
Magnoliopsida,Malvales,Cistaceae,Helianthemum,Helianthemum bicknellii
Magnoliopsida,Asterales,Asteraceae,Helianthus,Helianthus giganteus
Magnoliopsida,Asterales,Asteraceae,Helianthus,Helianthus hirsutus
Magnoliopsida,Asterales,Asteraceae,Helianthus,Helianthus laetiflorus
Magnoliopsida,Asterales,Asteraceae,Helianthus,Helianthus petiolaris
Magnoliopsida,Asterales,Asteraceae,Heliopsis,Heliopsis helianthoides
Magnoliopsida,Saxifragales,Saxifragaceae,Heuchera,Heuchera richardsonii
Magnoliopsida,Asterales,Asteraceae,Pilosella,Pilosella aurantiaca
Magnoliopsida,Asterales,Asteraceae,Hieracium,Hieracium umbellatum
Magnoliopsida,Asterales,Asteraceae,Hieracium,Hieracium longipilum
Liliopsida,Poales,Poaceae,Anthoxanthum,Anthoxanthum nitens
Magnoliopsida,Gentianales,Rubiaceae,Houstonia,Houstonia longifolia
Magnoliopsida,Malpighiales,Hypericaceae,Hypericum,Hypericum majus
Liliopsida,Asparagales,Hypoxidaceae,Hypoxis,Hypoxis hirsuta
Magnoliopsida,Aquifoliales,Aquifoliaceae,Ilex,Ilex verticillata
Magnoliopsida,Ericales,Balsaminaceae,Impatiens,Impatiens capensis
Liliopsida,Asparagales,Iridaceae,Iris,Iris versicolor
Liliopsida,Poales,Juncaceae,Juncus,Juncus tenuis
Pinopsida,Pinales,Cupressaceae,Juniperus,Juniperus communis
Pinopsida,Pinales,Cupressaceae,Juniperus,Juniperus virginiana
Liliopsida,Poales,Poaceae,Koeleria,Koeleria micrathera
Magnoliopsida,Asterales,Asteraceae,Krigia,Krigia biflora
Magnoliopsida,Asterales,Asteraceae,Lactuca,Lactuca biennis
Magnoliopsida,Asterales,Asteraceae,Lactuca,Lactuca canadensis
Magnoliopsida,Asterales,Asteraceae,Lactuca,Lactuca serriola
Pinopsida,Pinales,Pinaceae,Larix,Larix laricina
Magnoliopsida,Fabales,Fabaceae,Lathyrus,Lathyrus ochroleucus
Magnoliopsida,Fabales,Fabaceae,Lathyrus,Lathyrus venosus
Magnoliopsida,Malvales,Cistaceae,Lechea,Lechea stricta
Liliopsida,Poales,Poaceae,Leersia,Leersia oryzoides
Magnoliopsida,Brassicales,Brassicaceae,Lepidium,Lepidium densiflorum
Magnoliopsida,Brassicales,Brassicaceae,Lepidium,Lepidium virginicum
Liliopsida,Poales,Poaceae,Digitaria,Digitaria cognata
Magnoliopsida,Fabales,Fabaceae,Lespedeza,Lespedeza capitata
Magnoliopsida,Asterales,Asteraceae,Liatris,Liatris aspera
Magnoliopsida,Asterales,Asteraceae,Liatris,Liatris ligulistylis
Magnoliopsida,Asterales,Asteraceae,Liatris,Liatris pycnostachya
Magnoliopsida,Lamiales,Plantaginaceae,Linaria,Linaria vulgaris
Magnoliopsida,Boraginales,Boraginaceae,Lithospermum,Lithospermum canescens
Magnoliopsida,Boraginales,Boraginaceae,Lithospermum,Lithospermum caroliniense
Magnoliopsida,Boraginales,Boraginaceae,Lithospermum,Lithospermum carolinense
Magnoliopsida,Asterales,Campanulaceae,Lobelia,Lobelia siphilitica
Magnoliopsida,Asterales,Campanulaceae,Lobelia,Lobelia spicata
Liliopsida,Poales,Poaceae,Lolium,Lolium multiflorum
Magnoliopsida,Dipsacales,Caprifoliaceae,Lonicera,Lonicera dioica
Magnoliopsida,Dipsacales,Caprifoliaceae,Lonicera,Lonicera tatarica
Magnoliopsida,Dipsacales,Caprifoliaceae,Lonicera,Lonicera morrowii
Magnoliopsida,Myrtales,Onagraceae,Ludwigia,Ludwigia polycarpa
Magnoliopsida,Fabales,Fabaceae,Lupinus,Lupinus perennis
Magnoliopsida,Caryophyllales,Caryophyllaceae,Silene,Silene latifolia
Magnoliopsida,Lamiales,Lamiaceae,Lycopus,Lycopus americanus
Magnoliopsida,Lamiales,Lamiaceae,Lycopus,Lycopus uniflorus
Magnoliopsida,Ericales,Primulaceae,Lysimachia,Lysimachia ciliata
Magnoliopsida,Ericales,Primulaceae,Lysimachia,Lysimachia thyrsiflora
Liliopsida,Asparagales,Asparagaceae,Maianthemum,Maianthemum canadense
Magnoliopsida,Fabales,Fabaceae,Medicago,Medicago lupulina
Magnoliopsida,Fabales,Fabaceae,Medicago,Medicago sativa
Magnoliopsida,Fabales,Fabaceae,Melilotus,Melilotus officinalis
Magnoliopsida,Lamiales,Phrymaceae,Mimulus,Mimulus ringens
Magnoliopsida,Caryophyllales,Nyctaginaceae,Mirabilis,Mirabilis albida
Magnoliopsida,Caryophyllales,Nyctaginaceae,Mirabilis,Mirabilis nyctaginea
Liliopsida,Poales,Poaceae,Miscanthus,Miscanthus giganteus
Magnoliopsida,Caryophyllales,Molluginaceae,Mollugo,Mollugo verticillata
Magnoliopsida,Lamiales,Lamiaceae,Monarda,Monarda fistulosa
Magnoliopsida,Lamiales,Lamiaceae,Monarda,Monarda punctata
Magnoliopsida,Lamiales,Lamiaceae,Mosla,Mosla dianthera
Liliopsida,Poales,Poaceae,Muhlenbergia,Muhlenbergia racemosa
Liliopsida,Poales,Cyperaceae,Carex,Carex lativena
Magnoliopsida,Lamiales,Lamiaceae,Nepeta,Nepeta cataria
Magnoliopsida,Myrtales,Onagraceae,Oenothera,Oenothera biennis
Magnoliopsida,Myrtales,Onagraceae,Oenothera,Oenothera parviflora
Magnoliopsida,Myrtales,Onagraceae,Oenothera,Oenothera rhombipetala
Magnoliopsida,Oxalidales,Oxalidaceae,Oxalis,Oxalis stricta
Liliopsida,Poales,Poaceae,Panicum,Panicum capillare
Liliopsida,Poales,Poaceae,Dichanthelium,Dichanthelium acuminatum
Liliopsida,Poales,Poaceae,Panicum,Panicum leibergii
Liliopsida,Poales,Poaceae,Panicum,Panicum miliaceum
Liliopsida,Poales,Poaceae,Dichanthelium,Dichanthelium oligosanthes
Liliopsida,Poales,Poaceae,Panicum,Panicum perlongum
Liliopsida,Poales,Poaceae,Panicum,Panicum virgatum
Magnoliopsida,Rosales,Urticaceae,Parietaria,Parietaria pensylvanica
Magnoliopsida,Vitales,Vitaceae,Parthenocissus,Parthenocissus inserta
Magnoliopsida,Vitales,Vitaceae,Parthenocissus,Parthenocissus quinquefolia
Liliopsida,Poales,Poaceae,Paspalum,Paspalum setaceum
Magnoliopsida,Lamiales,Orobanchaceae,Pedicularis,Pedicularis canadensis
Magnoliopsida,Lamiales,Plantaginaceae,Penstemon,Penstemon digitalis
Magnoliopsida,Lamiales,Plantaginaceae,Penstemon,Penstemon gracilis
Magnoliopsida,Lamiales,Plantaginaceae,Penstemon,Penstemon grandiflorus
Magnoliopsida,Saxifragales,Penthoraceae,Penthorum,Penthorum sedoides
Magnoliopsida,Fabales,Fabaceae,Petalostemon,Petalostemon candidus
Magnoliopsida,Fabales,Fabaceae,Dalea,Dalea purpurea
Magnoliopsida,Fabales,Fabaceae,Dalea,Dalea villosa
Liliopsida,Poales,Poaceae,Phalaris,Phalaris arundinacea
Liliopsida,Poales,Poaceae,Phleum,Phleum pratense
Magnoliopsida,Ericales,Polemoniaceae,Phlox,Phlox paniculata
Magnoliopsida,Ericales,Polemoniaceae,Phlox,Phlox pilosa
Magnoliopsida,Lamiales,Phrymaceae,Phryma,Phryma leptostachya
Magnoliopsida,Solanales,Solanaceae,Physalis,Physalis pubescens
Magnoliopsida,Solanales,Solanaceae,Physalis,Physalis virginiana
Magnoliopsida,Rosales,Urticaceae,Pilea,Pilea pumila
Pinopsida,Pinales,Pinaceae,Pinus,Pinus banksiana
Pinopsida,Pinales,Pinaceae,Pinus,Pinus resinosa
Pinopsida,Pinales,Pinaceae,Pinus,Pinus strobus
Magnoliopsida,Lamiales,Plantaginaceae,Plantago,Plantago lanceolata
Magnoliopsida,Lamiales,Plantaginaceae,Plantago,Plantago major
Liliopsida,Poales,Poaceae,Poa,Poa compressa
Liliopsida,Poales,Poaceae,Poa,Poa palustris
Liliopsida,Poales,Poaceae,Poa,Poa pratensis
Magnoliopsida,Fabales,Polygalaceae,Polygala,Polygala polygama
Magnoliopsida,Fabales,Polygalaceae,Polygala,Polygala sanguinea
Liliopsida,Asparagales,Asparagaceae,Polygonatum,Polygonatum biflorum
Magnoliopsida,Caryophyllales,Polygonaceae,Polygonella,Polygonella articulata
Magnoliopsida,Caryophyllales,Polygonaceae,Persicaria,Persicaria amphibia
Magnoliopsida,Caryophyllales,Polygonaceae,Persicaria,Persicaria thunbergii
Magnoliopsida,Caryophyllales,Polygonaceae,Fallopia,Fallopia cilinode
Magnoliopsida,Caryophyllales,Polygonaceae,Fallopia,Fallopia convolvulus
Magnoliopsida,Caryophyllales,Polygonaceae,Persicaria,Persicaria hydropiper
Magnoliopsida,Caryophyllales,Polygonaceae,Persicaria,Persicaria lapathifolia
Magnoliopsida,Caryophyllales,Polygonaceae,Persicaria,Persicaria pensylvanica
Magnoliopsida,Caryophyllales,Polygonaceae,Persicaria,Persicaria maculosa
Magnoliopsida,Caryophyllales,Polygonaceae,Persicaria,Persicaria sagittata
Magnoliopsida,Caryophyllales,Polygonaceae,Fallopia,Fallopia scandens
Magnoliopsida,Caryophyllales,Polygonaceae,Polygonum,Polygonum tenue
Magnoliopsida,Malpighiales,Salicaceae,Populus,Populus balsamifera
Magnoliopsida,Malpighiales,Salicaceae,Populus,Populus deltoides
Magnoliopsida,Malpighiales,Salicaceae,Populus,Populus grandidentata
Magnoliopsida,Malpighiales,Salicaceae,Populus,Populus tremuloides
Magnoliopsida,Caryophyllales,Portulacaceae,Portulaca,Portulaca oleracea
Magnoliopsida,Rosales,Rosaceae,Potentilla,Potentilla argentea
Magnoliopsida,Rosales,Rosaceae,Drymocallis,Drymocallis arguta
Magnoliopsida,Rosales,Rosaceae,Potentilla,Potentilla norvegica
Magnoliopsida,Rosales,Rosaceae,Comarum,Comarum palustre
Magnoliopsida,Rosales,Rosaceae,Potentilla,Potentilla recta
Magnoliopsida,Rosales,Rosaceae,Potentilla,Potentilla simplex
Magnoliopsida,Asterales,Asteraceae,Nabalus,Nabalus albus
Magnoliopsida,Asterales,Asteraceae,Nabalus,Nabalus racemosus
Magnoliopsida,Lamiales,Lamiaceae,Prunella,Prunella vulgaris
Magnoliopsida,Rosales,Rosaceae,Prunus,Prunus americana
Magnoliopsida,Rosales,Rosaceae,Prunus,Prunus pensylvanica
Magnoliopsida,Rosales,Rosaceae,Prunus,Prunus pumila
Magnoliopsida,Rosales,Rosaceae,Prunus,Prunus serotina
Magnoliopsida,Rosales,Rosaceae,Prunus,Prunus virginiana
Magnoliopsida,Lamiales,Lamiaceae,Pycnanthemum,Pycnanthemum virginianum
Magnoliopsida,Ericales,Ericaceae,Pyrola,Pyrola rotundifolia
Magnoliopsida,Rosales,Rosaceae,Malus,Malus domestica
Magnoliopsida,Fagales,Fagaceae,Quercus,Quercus alba
Magnoliopsida,Fagales,Fagaceae,Quercus,Quercus petraea
Magnoliopsida,Fagales,Fagaceae,Quercus,Quercus ellipsoidalis
Magnoliopsida,Fagales,Fagaceae,Quercus,Quercus macrocarpa
Magnoliopsida,Ranunculales,Ranunculaceae,Ranunculus,Ranunculus rhomboideus
Magnoliopsida,Asterales,Asteraceae,Ratibida,Ratibida pinnata
Magnoliopsida,Rosales,Rhamnaceae,Rhamnus,Rhamnus cathartica
Magnoliopsida,Rosales,Rhamnaceae,Frangula,Frangula alnus
Magnoliopsida,Sapindales,Anacardiaceae,Rhus,Rhus glabra
Magnoliopsida,Sapindales,Anacardiaceae,Toxicodendron,Toxicodendron radicans
Magnoliopsida,Sapindales,Anacardiaceae,Rhus,Rhus typhina
Magnoliopsida,Saxifragales,Grossulariaceae,Ribes,Ribes hirtellum
Magnoliopsida,Fabales,Fabaceae,Robinia,Robinia pseudoacacia
Magnoliopsida,Rosales,Rosaceae,Rosa,Rosa arkansana
Magnoliopsida,Rosales,Rosaceae,Rosa,Rosa blanda
Magnoliopsida,Rosales,Rosaceae,Rosa,Rosa carolina
Magnoliopsida,Rosales,Rosaceae,Rubus,Rubus allegheniensis
Magnoliopsida,Rosales,Rosaceae,Rubus,Rubus canadensis
Magnoliopsida,Rosales,Rosaceae,Rubus,Rubus flagellaris
Magnoliopsida,Rosales,Rosaceae,Rubus,Rubus idaeus
Magnoliopsida,Rosales,Rosaceae,Rubus,Rubus occidentalis
Magnoliopsida,Rosales,Rosaceae,Rubus,Rubus pubescens
Magnoliopsida,Asterales,Asteraceae,Rudbeckia,Rudbeckia hirta
Magnoliopsida,Asterales,Asteraceae,Echinacea,Echinacea serotina
Magnoliopsida,Caryophyllales,Polygonaceae,Rumex,Rumex acetosella
Magnoliopsida,Caryophyllales,Polygonaceae,Rumex,Rumex mexicanus
Magnoliopsida,Caryophyllales,Polygonaceae,Rumex,Rumex britannica
Liliopsida,Alismatales,Alismataceae,Sagittaria,Sagittaria latifolia
Magnoliopsida,Malpighiales,Salicaceae,Salix,Salix bebbiana
Magnoliopsida,Malpighiales,Salicaceae,Salix,Salix discolor
Magnoliopsida,Malpighiales,Salicaceae,Salix,Salix petiolaris
Magnoliopsida,Malpighiales,Salicaceae,Salix,Salix humilis
Magnoliopsida,Malpighiales,Salicaceae,Salix,Salix interior
Magnoliopsida,Malpighiales,Salicaceae,Salix,Salix pedicellaris
Magnoliopsida,Malpighiales,Salicaceae,Salix,Salix pyrifolia
Magnoliopsida,Malpighiales,Salicaceae,Salix,Salix serissima
Magnoliopsida,Caryophyllales,Amaranthaceae,Kali,Kali turgidum
Magnoliopsida,Saxifragales,Saxifragaceae,Micranthes,Micranthes pensylvanica
Liliopsida,Poales,Poaceae,Schizachne,Schizachne purpurascens
Liliopsida,Poales,Poaceae,Schizachyrium,Schizachyrium scoparium
Liliopsida,Poales,Cyperaceae,Scirpus,Scirpus cyperinus
Liliopsida,Poales,Cyperaceae,Eleocharis,Eleocharis geniculata
Liliopsida,Poales,Cyperaceae,Scleria,Scleria triglomerata
Magnoliopsida,Lamiales,Lamiaceae,Scutellaria,Scutellaria galericulata
Magnoliopsida,Lamiales,Lamiaceae,Scutellaria,Scutellaria lateriflora
Magnoliopsida,Lamiales,Lamiaceae,Scutellaria,Scutellaria parvula
Liliopsida,Poales,Poaceae,Secale,Secale cereale
Magnoliopsida,Asterales,Asteraceae,Packera,Packera aurea
Magnoliopsida,Asterales,Asteraceae,Packera,Packera paupercula
Liliopsida,Poales,Poaceae,Setaria,Setaria italica
Liliopsida,Poales,Poaceae,Cenchrus,Cenchrus americanus
Liliopsida,Poales,Poaceae,Setaria,Setaria viridis
Magnoliopsida,Caryophyllales,Caryophyllaceae,Silene,Silene antirrhina
Magnoliopsida,Brassicales,Brassicaceae,Sisymbrium,Sisymbrium altissimum
Liliopsida,Asparagales,Iridaceae,Sisyrinchium,Sisyrinchium campestre
Liliopsida,Asparagales,Asparagaceae,Maianthemum,Maianthemum racemosum
Liliopsida,Asparagales,Asparagaceae,Maianthemum,Maianthemum stellatum
Liliopsida,Liliales,Smilacaceae,Smilax,Smilax herbacea
Magnoliopsida,Solanales,Solanaceae,Solanum,Solanum americanum
Magnoliopsida,Solanales,Solanaceae,Solanum,Solanum nigrum
Magnoliopsida,Solanales,Solanaceae,Solanum,Solanum carolinense
Magnoliopsida,Solanales,Solanaceae,Solanum,Solanum dulcamara
Magnoliopsida,Asterales,Asteraceae,Solidago,Solidago altissima
Magnoliopsida,Asterales,Asteraceae,Solidago,Solidago canadensis
Magnoliopsida,Asterales,Asteraceae,Solidago,Solidago gigantea
Magnoliopsida,Asterales,Asteraceae,Solidago,Solidago juncea
Magnoliopsida,Asterales,Asteraceae,Solidago,Solidago missouriensis
Magnoliopsida,Asterales,Asteraceae,Solidago,Solidago nemoralis
Magnoliopsida,Asterales,Asteraceae,Solidago,Solidago rigida
Magnoliopsida,Asterales,Asteraceae,Solidago,Solidago speciosa
Magnoliopsida,Asterales,Asteraceae,Sonchus,Sonchus arvensis
Liliopsida,Poales,Poaceae,Sorghastrum,Sorghastrum nutans
Liliopsida,Poales,Poaceae,Sporobolus,Sporobolus michauxianus
Magnoliopsida,Rosales,Rosaceae,Spiraea,Spiraea alba
Magnoliopsida,Rosales,Rosaceae,Spiraea,Spiraea tomentosa
Liliopsida,Poales,Poaceae,Sporobolus,Sporobolus cryptandrus
Liliopsida,Poales,Poaceae,Sporobolus,Sporobolus heterolepis
Magnoliopsida,Lamiales,Lamiaceae,Stachys,Stachys palustris
Magnoliopsida,Lamiales,Lamiaceae,Stachys,Stachys tenuifolia
Magnoliopsida,Caryophyllales,Caryophyllaceae,Stellaria,Stellaria longifolia
Magnoliopsida,Caryophyllales,Caryophyllaceae,Stellaria,Stellaria media
Liliopsida,Poales,Poaceae,Stipa,Stipa spartea
Liliopsida,Poales,Poaceae,Stipa,Stipa comata
Liliopsida,Poales,Poaceae,Trachypogon,Trachypogon spicatus
Liliopsida,Liliales,Liliaceae,Streptopus,Streptopus lanceolatus
Magnoliopsida,Fabales,Fabaceae,Strophostyles,Strophostyles leiosperma
Magnoliopsida,Dipsacales,Caprifoliaceae,Symphoricarpos,Symphoricarpos occidentalis
Magnoliopsida,Asterales,Asteraceae,Taraxacum,Taraxacum campylodes
Magnoliopsida,Ranunculales,Ranunculaceae,Thalictrum,Thalictrum dasycarpum
Magnoliopsida,Ranunculales,Ranunculaceae,Thalictrum,Thalictrum dioicum
Liliopsida,Commelinales,Commelinaceae,Tradescantia,Tradescantia bracteata
Liliopsida,Commelinales,Commelinaceae,Tradescantia,Tradescantia occidentalis
Magnoliopsida,Asterales,Asteraceae,Tragopogon,Tragopogon duarius
Magnoliopsida,Malpighiales,Hypericaceae,Triadenum,Triadenum fraseri
Magnoliopsida,Ericales,Primulaceae,Lysimachia,Lysimachia borealis
Magnoliopsida,Fabales,Fabaceae,Trifolium,Trifolium arvense
Magnoliopsida,Fabales,Fabaceae,Trifolium,Trifolium hybridum
Magnoliopsida,Fabales,Fabaceae,Trifolium,Trifolium pratense
Magnoliopsida,Fabales,Fabaceae,Trifolium,Trifolium repens
Liliopsida,Poales,Typhaceae,Typha,Typha angustifolia
Liliopsida,Poales,Typhaceae,Typha,Typha latifolia
Magnoliopsida,Rosales,Ulmaceae,Ulmus,Ulmus americana
Magnoliopsida,Rosales,Ulmaceae,Ulmus,Ulmus pumila
Magnoliopsida,Rosales,Urticaceae,Urtica,Urtica dioica
Liliopsida,Liliales,Colchicaceae,Uvularia,Uvularia sessilifolia
Magnoliopsida,Ericales,Ericaceae,Vaccinium,Vaccinium angustifolium
Magnoliopsida,Ericales,Ericaceae,Vaccinium,Vaccinium myrtilloides
Magnoliopsida,Lamiales,Scrophulariaceae,Verbascum,Verbascum thapsus
Magnoliopsida,Lamiales,Verbenaceae,Verbena,Verbena bracteata
Magnoliopsida,Lamiales,Verbenaceae,Verbena,Verbena hastata
Magnoliopsida,Lamiales,Verbenaceae,Verbena,Verbena stricta
Magnoliopsida,Asterales,Asteraceae,Vernonia,Vernonia fasciculata
Magnoliopsida,Lamiales,Plantaginaceae,Veronicastrum,Veronicastrum virginicum
Magnoliopsida,Dipsacales,Adoxaceae,Viburnum,Viburnum lentago
Magnoliopsida,Fabales,Fabaceae,Vicia,Vicia sativa
Magnoliopsida,Fabales,Fabaceae,Vicia,Vicia villosa
Magnoliopsida,Malpighiales,Violaceae,Viola,Viola macloskeyi
Magnoliopsida,Malpighiales,Violaceae,Viola,Viola palustris
Magnoliopsida,Malpighiales,Violaceae,Viola,Viola pedata
Magnoliopsida,Malpighiales,Violaceae,Viola,Viola pedatifida
Magnoliopsida,Malpighiales,Violaceae,Viola,Viola sagittata
Magnoliopsida,Malpighiales,Violaceae,Viola,Viola selkirkii
Magnoliopsida,Vitales,Vitaceae,Vitis,Vitis vulpina
Liliopsida,Poales,Xyridaceae,Xyris,Xyris torta
Magnoliopsida,Sapindales,Rutaceae,Zanthoxylum,Zanthoxylum americanum
Magnoliopsida,Apiales,Apiaceae,Zizia,Zizia aptera
Magnoliopsida,Apiales,Apiaceae,Zizia,Zizia aurea
Ginkgoopsida,Ginkgoales,Ginkgoaceae,Ginkgo,Ginkgo biloba