plant_id,species,genus,family,order,Leaf_Area,Nmass,LMA,Plant_height,Diaspore_mass,SSD_observed,LDMC,SSD_imputed,SSD_combined
1,Ginkgo biloba,Ginkgo,Ginkgoaceae,Ginkgoales,0.0953,0.0961,0.0962,0.0955,0.0942,0.0943,0.8249,0.6718,0.0945
2,Juniperus virginiana,Juniperus,Cupressaceae,Pinales,0.0978,0.0979,0.0986,0.4313,0.0944,0.0948,1.1591,0.8332,0.094
3,Juniperus communis,Juniperus,Cupressaceae,Pinales,0.0994,0.0978,0.0973,0.0964,0.0936,0.0915,1.1391,0.8279,0.0937
4,Larix laricina,Larix,Pinaceae,Pinales,0.0946,0.0981,0.0974,0.0971,0.0978,0.0923,1.1755,0.8658,0.0935
5,Pinus strobus,Pinus,Pinaceae,Pinales,0.0964,0.0968,0.099,0.4063,0.0968,0.0938,1.1832,0.8476,0.0929
6,Pinus resinosa,Pinus,Pinaceae,Pinales,0.0963,0.0955,0.098,0.097,0.4764,0.0903,1.1772,0.8465,0.0925
7,Pinus banksiana,Pinus,Pinaceae,Pinales,0.0966,0.0975,0.097,0.0965,0.0954,0.092,1.1711,0.8443,0.0925
8,Sagittaria latifolia,Sagittaria,Alismataceae,Alismatales,0.0964,1.8945,0.0967,0.0949,0.0959,1.6542,2.0788,2.3439,1.5364
9,Uvularia sessilifolia,Uvularia,Colchicaceae,Liliales,1.4674,0.0957,1.4358,1.5449,0.6906,1.4172,1.839,1.9975,1.3959
10,Smilax herbacea,Smilax,Smilacaceae,Liliales,1.4294,0.0972,1.487,1.4769,0.0956,1.4249,1.8063,1.9589,1.355
11,Streptopus lanceolatus,Streptopus,Liliaceae,Liliales,1.4725,0.0968,1.5,1.5849,0.7038,1.4187,1.8707,2.0268,1.4031
12,Platanthera lacera,Platanthera,Orchidaceae,Asparagales,0.8108,0.8581,0.8471,0.0965,0.0975,1.0916,1.0362,1.137,0.747
13,Hypoxis hirsuta,Hypoxis,Hypoxidaceae,Asparagales,0.8109,0.8363,0.8487,0.0955,0.0976,1.1028,1.0036,1.0941,0.7232
14,Iris versicolor,Iris,Iridaceae,Asparagales,0.6982,0.0984,0.0966,0.0964,0.0959,1.0495,0.8947,0.99,0.6628
15,Allium cernuum,Allium,Amaryllidaceae,Asparagales,0.8336,0.6082,0.6129,0.6381,0.0956,1.1192,1.0021,1.0999,0.737
16,Allium stellatum,Allium,Amaryllidaceae,Asparagales,0.8005,0.0972,0.0975,0.6243,0.0969,1.076,0.9572,1.0492,0.7109
17,Sisyrinchium campestre,Sisyrinchium,Iridaceae,Asparagales,0.0988,0.7068,0.0966,0.5489,0.0947,1.0474,0.9433,1.0441,0.705
18,Asparagus officinalis,Asparagus,Asparagaceae,Asparagales,0.0994,0.6912,0.0982,0.5118,0.0954,0.9215,0.0925,0.0906,0.0868
19,Polygonatum biflorum,Polygonatum,Asparagaceae,Asparagales,0.6674,0.0982,0.7292,0.0963,0.0952,1.037,0.8365,0.9186,0.6106
20,Maianthemum racemosum,Maianthemum,Asparagaceae,Asparagales,0.5846,0.1003,0.0972,0.4523,0.0959,1.0195,0.6589,0.7308,0.4985
21,Maianthemum stellatum,Maianthemum,Asparagaceae,Asparagales,0.5953,0.604,0.6223,0.458,0.0961,1.0365,0.7328,0.7956,0.5354
22,Maianthemum canadense,Maianthemum,Asparagaceae,Asparagales,0.0974,0.0976,0.0956,0.0962,0.0941,0.9324,0.0907,0.0917,0.0855
23,Tradescantia bracteata,Tradescantia,Commelinaceae,Commelinales,0.6025,0.0991,0.0964,0.4754,0.4952,1.3192,1.7465,1.9521,1.312
24,Tradescantia occidentalis,Tradescantia,Commelinaceae,Commelinales,0.0974,0.0988,0.0962,0.099,0.0966,1.294,1.7192,1.9273,1.2966
25,Typha latifolia,Typha,Typhaceae,Poales,0.0991,0.0974,0.0964,0.0949,0.097,0.3964,0.0881,0.0858,0.0825
26,Typha angustifolia,Typha,Typhaceae,Poales,0.0987,0.0966,0.096,0.0958,0.0967,0.3883,0.0865,0.0855,0.0779
27,Anthoxanthum nitens,Anthoxanthum,Poaceae,Poales,0.0988,0.685,0.0952,0.0942,0.0973,0.3597,0.09,0.0861,0.0791
28,Juncus tenuis,Juncus,Juncaceae,Poales,0.0985,0.0957,0.0983,0.0948,0.0964,0.3835,0.086,0.0844,0.08
29,Scleria triglomerata,Scleria,Cyperaceae,Poales,0.6569,0.6991,0.7188,0.096,0.0978,0.6502,0.8392,0.9096,0.6017
30,Eleocharis geniculata,Eleocharis,Cyperaceae,Poales,0.6645,0.7081,0.717,0.0962,0.0952,0.6583,0.8544,0.927,0.6157
31,Cyperus strigosus,Cyperus,Cyperaceae,Poales,0.6644,0.6915,0.702,0.0967,0.097,0.6522,0.8303,0.9014,0.599
32,Cyperus schweinitzii,Cyperus,Cyperaceae,Poales,0.6565,0.6962,0.7023,0.0976,0.0963,0.6438,0.8469,0.9186,0.6031
33,Cyperus filiculmis,Cyperus,Cyperaceae,Poales,0.667,0.7096,0.6856,0.0942,0.0959,0.6565,0.8148,0.8848,0.5896
34,Dulichium arundinaceum,Dulichium,Cyperaceae,Poales,0.6584,0.7148,0.7125,0.0961,0.0966,0.6431,0.8385,0.9115,0.602
35,Scirpus cyperinus,Scirpus,Cyperaceae,Poales,0.7036,0.713,0.701,0.0969,0.0958,0.6513,0.83,0.9027,0.5976
36,Carex haydenii,Carex,Cyperaceae,Poales,0.5866,0.5935,0.5863,0.4541,0.4697,0.6478,0.7186,0.7884,0.5338
37,Carex stricta,Carex,Cyperaceae,Poales,0.5525,0.0975,0.5846,0.0963,0.0971,0.607,0.6849,0.7548,0.4999
38,Carex lativena,Carex,Cyperaceae,Poales,0.5855,0.5936,0.5978,0.4483,0.4724,0.6366,0.7144,0.7768,0.5218
39,Carex gracillima,Carex,Cyperaceae,Poales,0.573,0.5822,0.5882,0.0964,0.4657,0.6291,0.6877,0.7459,0.4956
40,Carex pensylvanica,Carex,Cyperaceae,Poales,0.0963,0.5508,0.0959,0.0948,0.4497,0.4956,0.0913,0.0863,0.0793
41,Carex comosa,Carex,Cyperaceae,Poales,0.5531,0.573,0.5893,0.0941,0.0962,0.6322,0.6822,0.7375,0.4886
42,Carex oligosperma,Carex,Cyperaceae,Poales,0.5639,0.5847,0.5964,0.0946,0.0953,0.638,0.7045,0.7618,0.5002
43,Carex rostrata,Carex,Cyperaceae,Poales,0.0985,0.0987,0.0978,0.0943,0.0962,0.4794,0.0847,0.0827,0.0771
44,Carex lasiocarpa,Carex,Cyperaceae,Poales,0.0974,0.0967,0.0984,0.0975,0.0952,0.4811,0.0886,0.0843,0.0772
45,Carex lacustris,Carex,Cyperaceae,Poales,0.5665,0.0978,0.5711,0.094,0.4596,0.6181,0.6835,0.7501,0.4949
46,Carex chordorrhiza,Carex,Cyperaceae,Poales,0.5473,0.5565,0.099,0.0979,0.0968,0.5171,0.0877,0.0855,0.0796
47,Carex scoparia,Carex,Cyperaceae,Poales,0.5669,0.5883,0.59,0.0955,0.4641,0.6206,0.6909,0.7512,0.4952
48,Carex echinata,Carex,Cyperaceae,Poales,0.0965,0.5481,0.0972,0.0951,0.457,0.5008,0.0879,0.084,0.08
49,Carex interior,Carex,Cyperaceae,Poales,0.0971,0.5646,0.0991,0.0966,0.0957,0.5972,0.6206,0.6815,0.4538
50,Carex vulpinoidea,Carex,Cyperaceae,Poales,0.0977,0.0959,0.0967,0.0961,0.0973,0.5132,0.0882,0.0894,0.1323
51,Carex canescens,Carex,Cyperaceae,Poales,0.097,0.096,0.0979,0.0976,0.0962,0.4975,0.092,0.1661,0.0848
52,Carex bebbii,Carex,Cyperaceae,Poales,0.5655,0.5795,0.5864,0.0978,0.4522,0.6271,0.6755,0.7385,0.4908
53,Carex bicknellii,Carex,Cyperaceae,Poales,0.0964,0.5515,0.5326,0.0949,0.0959,0.4867,0.0875,0.0836,0.0763
54,Carex disperma,Carex,Cyperaceae,Poales,0.5594,0.591,0.5833,0.0956,0.4537,0.637,0.6879,0.7478,0.4922
55,Carex foenea,Carex,Cyperaceae,Poales,0.0959,0.5721,0.0968,0.094,0.0949,0.5046,0.0921,0.168,0.0869
56,Carex diandra,Carex,Cyperaceae,Poales,0.0973,0.0972,0.0959,0.0954,0.0979,0.5815,0.6266,0.6853,0.4573
57,Elymus smithii,Elymus,Poaceae,Poales,0.5135,0.0949,0.096,0.0959,0.0947,0.0922,0.267,0.2281,0.0928
58,Fallopia cilinode,Fallopia,Polygonaceae,Caryophyllales,0.0969,0.6009,0.0962,0.4319,0.4681,0.5055,0.6384,0.6977,0.4811
59,Glyceria grandis,Glyceria,Poaceae,Poales,0.6872,0.0964,0.6933,0.5228,0.0955,0.543,0.8228,0.9076,0.6046
60,Schizachne purpurascens,Schizachne,Poaceae,Poales,0.6879,0.0984,0.6909,0.5251,0.0958,0.5488,0.8444,0.9275,0.6207
61,Elymus violaceus,Elymus,Poaceae,Poales,0.0945,0.0969,0.0995,0.0934,0.0955,0.0903,0.2636,0.2243,0.0923
62,Bromus inermis,Bromus,Poaceae,Poales,0.0978,0.0965,0.0957,0.094,0.096,0.2515,0.0862,0.0847,0.0775
63,Bromus tectorum,Bromus,Poaceae,Poales,0.0971,0.0959,0.0987,0.0957,0.0956,0.0895,0.2613,0.2214,0.0913
64,Bromus ciliatus,Bromus,Poaceae,Poales,0.5145,0.0974,0.0979,0.0954,0.0956,0.2764,0.0869,0.0843,0.0767
65,Bromus kalmii,Bromus,Poaceae,Poales,0.0968,0.543,0.0956,0.0941,0.0957,0.2641,0.0903,0.0828,0.0766
66,Secale cereale,Secale,Poaceae,Poales,0.6565,0.0969,0.705,0.0954,0.5389,0.5382,0.808,0.8838,0.585
67,Elymus repens,Elymus,Poaceae,Poales,0.0968,0.096,0.0963,0.0946,0.0971,0.0883,0.2691,0.2275,0.093
68,Seemannia sylvatica,Seemannia,Gesneriaceae,Lamiales,0.8252,0.811,0.8274,0.6341,0.6436,0.6788,0.9827,1.078,0.7238
69,Stipa comata,Stipa,Poaceae,Poales,0.0975,0.0959,0.097,0.0959,0.4505,0.0904,0.2832,0.2435,0.093
70,Elymus canadensis,Elymus,Poaceae,Poales,0.0953,0.0958,0.0981,0.0949,0.0944,0.2597,0.087,0.0868,0.0763
71,Andropogon gerardi,Andropogon,Poaceae,Poales,0.0981,0.0965,0.0973,0.0943,0.0937,0.0954,0.5657,0.5995,0.3458
72,Rhamnus cathartica,Rhamnus,Rhamnaceae,Rosales,0.0958,0.0967,0.0956,0.0945,0.0951,0.092,0.4006,0.3363,0.094
73,Pilosella aurantiaca,Pilosella,Asteraceae,Asterales,0.0957,0.6534,0.0963,0.0944,0.0959,0.3089,0.0848,0.0835,0.0763
74,Calamagrostis canadensis,Calamagrostis,Poaceae,Poales,0.0983,0.0978,0.5772,0.095,0.0958,0.4933,0.8068,0.8735,0.5722
75,Phalaris arundinacea,Phalaris,Poaceae,Poales,0.098,0.0953,0.0975,0.0936,0.0948,0.09,0.3246,0.268,0.0935
76,Calamagrostis stricta,Calamagrostis,Poaceae,Poales,0.0963,0.0969,0.0969,0.0975,0.0978,0.4807,0.7366,0.811,0.5415
77,Agrostis scabra,Agrostis,Poaceae,Poales,0.0969,0.0972,0.0968,0.0947,0.0942,0.3175,0.0877,0.087,0.079
78,Phleum pratense,Phleum,Poaceae,Poales,0.0974,0.0996,0.0969,0.0941,0.0952,0.0911,0.2916,0.2366,0.095
79,Poa pratensis,Poa,Poaceae,Poales,0.0942,0.0967,0.0972,0.0944,0.0965,0.0898,0.2751,0.2284,0.0928
80,Poa compressa,Poa,Poaceae,Poales,0.0961,0.0987,0.0952,0.0944,0.095,0.2519,0.2022,0.0898,0.0808
81,Poa nemoralis,Poa,Poaceae,Poales,0.0972,0.0973,0.097,0.0968,0.0958,0.0909,0.2992,0.255,0.0945
82,Poa palustris,Poa,Poaceae,Poales,0.0973,0.5731,0.0963,0.0934,0.0963,0.3063,0.0918,0.0923,0.1354
83,Koeleria micrathera,Koeleria,Poaceae,Poales,0.0953,0.0984,0.0997,0.0954,0.095,0.4865,0.7488,0.8254,0.5528
84,Lolium multiflorum,Lolium,Poaceae,Poales,0.0959,0.0972,0.0978,0.0925,0.0952,0.0958,0.5512,0.5855,0.3349
85,Festuca rubra,Festuca,Poaceae,Poales,0.097,0.0983,0.0977,0.3952,0.0937,0.0909,0.298,0.2407,0.0928
86,Festuca ovina,Festuca,Poaceae,Poales,0.0959,0.0966,0.096,0.0967,0.0956,0.0912,0.3,0.2434,0.0942
87,Festuca guestfalica,Festuca,Poaceae,Poales,0.5426,0.5885,0.5833,0.0952,0.4643,0.4531,0.7141,0.7604,0.4972
88,Leersia oryzoides,Leersia,Poaceae,Poales,0.0968,0.0982,0.097,0.0947,0.097,0.4859,0.7448,0.8218,0.5494
89,Danthonia spicata,Danthonia,Poaceae,Poales,0.0965,0.0952,0.6488,0.0948,0.0954,0.3062,0.0894,0.0871,0.0785
90,Aristida basiramea,Aristida,Poaceae,Poales,0.0958,0.6622,0.0983,0.097,0.5511,0.5201,0.7483,0.8233,0.5569
91,Aristida tuberculosa,Aristida,Poaceae,Poales,0.583,0.6906,0.5945,0.4614,0.5806,0.5775,0.8419,0.9189,0.6211
92,Eragrostis trichodes,Eragrostis,Poaceae,Poales,0.5413,0.5789,0.5846,0.0949,0.0961,0.4673,0.7781,0.8453,0.545
93,Eragrostis spectabilis,Eragrostis,Poaceae,Poales,0.0972,0.0952,0.0972,0.0945,0.0952,0.094,0.5676,0.6082,0.3518
94,Bouteloua curtipendula,Bouteloua,Poaceae,Poales,0.0957,0.0962,0.0965,0.0948,0.0969,0.2922,0.2094,0.0892,0.0798
95,Bouteloua aristidoides,Bouteloua,Poaceae,Poales,0.0968,0.0988,0.0963,0.0932,0.0981,0.3262,0.092,0.0888,0.0803
96,Muhlenbergia racemosa,Muhlenbergia,Poaceae,Poales,0.0943,0.0962,0.0978,0.0943,0.0961,0.5003,0.7647,0.8395,0.5606
97,Sporobolus cryptandrus,Sporobolus,Poaceae,Poales,0.0968,0.0963,0.0973,0.0964,0.0961,0.4554,0.6362,0.6988,0.4707
98,Sporobolus heterolepis,Sporobolus,Poaceae,Poales,0.0977,0.0971,0.0975,0.0922,0.0949,0.2928,0.0851,0.085,0.0763
99,Sporobolus michauxianus,Sporobolus,Poaceae,Poales,0.588,0.5933,0.5839,0.4565,0.4805,0.5112,0.7019,0.7758,0.5226
100,Sporobolus rigidus,Sporobolus,Poaceae,Poales,0.583,0.5912,0.5972,0.4562,0.477,0.5264,0.7062,0.77,0.5228
101,Dichanthelium oligosanthes,Dichanthelium,Poaceae,Poales,0.0983,0.0961,0.097,0.0955,0.0982,0.4216,0.6041,0.6585,0.4408
102,Dichanthelium acuminatum,Dichanthelium,Poaceae,Poales,0.0965,0.0966,0.0949,0.0953,0.0952,0.2909,0.0866,0.0843,0.0773
103,Panicum virgatum,Panicum,Poaceae,Poales,0.0976,0.0976,0.0961,0.3941,0.0962,0.089,0.2827,0.2492,0.0943
104,Panicum miliaceum,Panicum,Poaceae,Poales,0.5776,0.5762,0.5862,0.4477,0.0963,0.4919,0.708,0.7731,0.5219
105,Panicum capillare,Panicum,Poaceae,Poales,0.0948,0.0978,0.097,0.0939,0.0958,0.2704,0.0877,0.083,0.0788
106,Panicum perlongum,Panicum,Poaceae,Poales,0.5502,0.0985,0.0984,0.0934,0.4631,0.4433,0.6346,0.7039,0.4735
107,Panicum leibergii,Panicum,Poaceae,Poales,0.5806,0.5945,0.584,0.4442,0.0965,0.482,0.7002,0.7644,0.511
108,Trachypogon spicatus,Trachypogon,Poaceae,Poales,0.641,0.0969,0.6906,0.0953,0.5524,0.5264,0.7961,0.8874,0.5876
109,Cenchrus americanus,Cenchrus,Poaceae,Poales,0.7067,0.582,0.5787,0.5386,0.4793,0.5869,0.8285,0.9142,0.622
110,Paspalum setaceum,Paspalum,Poaceae,Poales,0.7164,0.6965,0.7329,0.5397,0.5716,0.5814,0.8589,0.9379,0.632
111,Schizachyrium scoparium,Schizachyrium,Poaceae,Poales,0.0961,0.0961,0.0975,0.0951,0.0939,0.0934,0.5603,0.6014,0.3448
112,Sorghastrum nutans,Sorghastrum,Poaceae,Poales,0.0956,0.0992,0.0962,0.0941,0.0984,0.0913,0.2904,0.2336,0.0919
113,Setaria italica,Setaria,Poaceae,Poales,0.0966,0.0965,0.0951,0.0934,0.0977,0.3047,0.0863,0.0862,0.0779
114,Setaria viridis,Setaria,Poaceae,Poales,0.0952,0.5522,0.0966,0.096,0.0976,0.3088,0.0872,0.0839,0.0766
115,Digitaria sanguinalis,Digitaria,Poaceae,Poales,0.5383,0.0969,0.0953,0.0945,0.0975,0.3536,0.0868,0.0838,0.0785
116,Digitaria cognata,Digitaria,Poaceae,Poales,0.5872,0.0969,0.0971,0.453,0.4678,0.4945,0.6444,0.7125,0.4889
117,Cenchrus longispinus,Cenchrus,Poaceae,Poales,0.6793,0.097,0.0978,0.5374,0.0961,0.5413,0.7798,0.8719,0.5964
118,Digitaria ischaemum,Digitaria,Poaceae,Poales,0.0965,0.5478,0.095,0.0954,0.0946,0.3494,0.086,0.0869,0.0794
119,Caltha palustris,Caltha,Ranunculaceae,Ranunculales,0.0975,0.098,0.0989,0.5087,0.0966,0.8526,0.0909,0.089,0.0825
120,Anemone virginiana,Anemone,Ranunculaceae,Ranunculales,0.5765,0.0967,0.0965,0.4594,0.0952,0.9462,0.6762,0.744,0.5062
121,Anemone cylindrica,Anemone,Ranunculaceae,Ranunculales,0.099,0.0966,0.0969,0.4275,0.0954,0.9396,0.669,0.7365,0.5009
122,Anemone patens,Anemone,Ranunculaceae,Ranunculales,0.5749,0.5854,0.0965,0.0973,0.0942,0.9599,0.6637,0.737,0.5007
123,Anemone quinquefolia,Anemone,Ranunculaceae,Ranunculales,0.0968,0.0958,0.5444,0.0956,0.0947,0.852,0.0903,0.0861,0.0832
124,Ranunculus rhomboideus,Ranunculus,Ranunculaceae,Ranunculales,0.0989,0.0973,0.0973,0.5323,0.0967,0.9553,0.8107,0.8889,0.605
125,Delphinium carolinianum,Delphinium,Ranunculaceae,Ranunculales,0.7082,0.0978,0.0989,0.5625,0.098,1.0147,0.8115,0.9069,0.626
126,Aquilegia canadensis,Aquilegia,Ranunculaceae,Ranunculales,0.6867,0.7243,0.7251,0.0972,0.0974,0.9867,0.8733,0.9533,0.6372
127,Thalictrum dasycarpum,Thalictrum,Ranunculaceae,Ranunculales,0.0994,0.0988,0.0959,0.0963,0.0975,0.8475,0.0879,0.0865,0.0797
128,Thalictrum dioicum,Thalictrum,Ranunculaceae,Ranunculales,0.0976,0.5719,0.0979,0.0952,0.0953,0.846,0.0896,0.0864,0.0826
129,Vitis vulpina,Vitis,Vitaceae,Vitales,0.0962,0.0971,0.0984,0.0955,0.0971,1.1641,1.7647,1.9872,1.3223
130,Parthenocissus quinquefolia,Parthenocissus,Vitaceae,Vitales,0.0946,0.0983,0.0979,0.0954,0.0954,1.1322,1.6912,1.9155,1.2845
131,Parthenocissus inserta,Parthenocissus,Vitaceae,Vitales,0.0978,0.0984,0.0976,0.0954,0.0971,1.1426,1.7023,1.9262,1.2889
132,Ribes hirtellum,Ribes,Grossulariaceae,Saxifragales,0.7701,0.0988,0.8137,0.0961,0.0962,0.7388,0.9798,1.0691,0.7106
133,Micranthes pensylvanica,Micranthes,Saxifragaceae,Saxifragales,0.731,0.8047,0.7179,0.5621,0.5798,0.6916,0.8475,0.9272,0.6245
134,Heuchera richardsonii,Heuchera,Saxifragaceae,Saxifragales,0.0966,0.7405,0.0973,0.0972,0.096,0.4797,0.0886,0.0882,0.0813
135,Penthorum sedoides,Penthorum,Penthoraceae,Saxifragales,0.774,0.0976,0.0986,0.0977,0.0975,0.7276,0.8962,0.9729,0.6618
136,Geranium maculatum,Geranium,Geraniaceae,Geraniales,0.0972,0.0964,0.0965,0.0952,0.095,0.9608,0.0903,0.0944,0.4292
137,Ageratina liebmannii,Ageratina,Asteraceae,Asterales,0.0937,0.0967,0.0962,0.0944,0.5394,0.2929,0.0867,0.0846,0.0778
138,Miscanthus giganteus,Miscanthus,Poaceae,Poales,0.7063,0.7059,0.7224,0.5501,0.5671,0.5887,0.8811,0.955,0.6385
139,Berteroa incana,Berteroa,Brassicaceae,Brassicales,0.0963,0.0987,0.6383,0.095,0.096,0.396,0.09,0.0846,0.0783
140,Sisymbrium altissimum,Sisymbrium,Brassicaceae,Brassicales,0.0965,0.6584,0.0958,0.0927,0.0954,0.4873,0.0883,0.0898,0.1548
141,Arabis hirsuta,Arabis,Brassicaceae,Brassicales,0.097,0.0954,0.0967,0.0966,0.5349,0.3909,0.0871,0.0847,0.0779
142,Barbarea vulgaris,Barbarea,Brassicaceae,Brassicales,0.0965,0.6607,0.0958,0.0939,0.094,0.418,0.0874,0.0831,0.0782
143,Lepidium densiflorum,Lepidium,Brassicaceae,Brassicales,0.0969,0.098,0.0976,0.0947,0.0949,0.4088,0.0869,0.0847,0.0766
144,Lepidium virginicum,Lepidium,Brassicaceae,Brassicales,0.0963,0.0966,0.0958,0.0959,0.0953,0.4079,0.0866,0.0859,0.0776
145,Turritis glabra,Turritis,Brassicaceae,Brassicales,0.0976,0.0978,0.0953,0.0931,0.0944,0.3994,0.0881,0.0853,0.0781
146,Boechera divaricarpa,Boechera,Brassicaceae,Brassicales,0.7264,0.6978,0.7227,0.5609,0.5789,0.6471,0.8759,0.955,0.6397
147,Zanthoxylum americanum,Zanthoxylum,Rutaceae,Sapindales,0.8129,0.8127,0.8263,0.0948,0.0954,0.6407,1.0577,1.0984,0.6935
148,Acer negundo,Acer,Sapindaceae,Sapindales,0.5165,0.0973,0.0972,0.0947,0.096,0.0914,0.485,0.3796,0.0913
149,Acer rubrum,Acer,Sapindaceae,Sapindales,0.0982,0.0955,0.0969,0.0951,0.0942,0.0891,0.4865,0.376,0.0933
150,Toxicodendron radicans,Toxicodendron,Anacardiaceae,Sapindales,0.6368,0.6528,0.0958,0.0954,0.095,0.0922,0.4908,0.3915,0.0925
151,Rhus glabra,Rhus,Anacardiaceae,Sapindales,0.0971,0.0964,0.0982,0.0949,0.0942,0.4132,0.742,0.7514,0.4514
152,Rhus typhina,Rhus,Anacardiaceae,Sapindales,0.0976,0.0933,0.0978,0.0952,0.0961,0.0886,0.4815,0.3835,0.0933
153,Helianthemum bicknellii,Helianthemum,Cistaceae,Malvales,0.0974,0.0979,0.0979,0.5742,0.5959,1.4026,1.9689,2.1485,1.4745
154,Lechea stricta,Lechea,Cistaceae,Malvales,0.6966,0.7361,0.7416,0.0976,0.0984,1.4157,2.0214,2.1936,1.4843
155,Ludwigia polycarpa,Ludwigia,Onagraceae,Myrtales,0.7047,0.7122,0.7146,0.5437,0.0961,0.5958,0.8659,0.9385,0.6296
156,Circaea lutetiana,Circaea,Onagraceae,Myrtales,0.0965,0.0985,0.0966,0.4768,0.0946,0.091,0.3213,0.2596,0.0928
157,Oenothera rhombipetala,Oenothera,Onagraceae,Myrtales,0.554,0.5755,0.5838,0.0955,0.0968,0.5033,0.7063,0.769,0.5093
158,Oenothera parviflora,Oenothera,Onagraceae,Myrtales,0.0947,0.5637,0.0976,0.0948,0.095,0.3147,0.0876,0.0847,0.0786
159,Oenothera biennis,Oenothera,Onagraceae,Myrtales,0.0972,0.0984,0.0969,0.0953,0.0954,0.3027,0.0891,0.0872,0.0782
160,Chamaenerion angustifolium,Chamaenerion,Onagraceae,Myrtales,0.0953,0.0985,0.0972,0.0956,0.0954,0.3308,0.0873,0.0881,0.0807
161,Epilobium ciliatum,Epilobium,Onagraceae,Myrtales,0.097,0.6663,0.0959,0.0944,0.0935,0.3227,0.0885,0.0847,0.0782
162,Epilobium leptophyllum,Epilobium,Onagraceae,Myrtales,0.5634,0.71,0.5981,0.0982,0.0961,0.5158,0.7052,0.7638,0.509
163,Celastrus scandens,Celastrus,Celastraceae,Celastrales,0.0988,0.096,0.0978,0.0957,0.0953,1.5862,2.2224,2.4161,1.6023
164,Oxalis stricta,Oxalis,Oxalidaceae,Oxalidales,0.0978,0.0991,0.0983,0.0935,0.0951,0.6753,0.0901,0.0888,0.0874
165,Hypericum majus,Hypericum,Hypericaceae,Malpighiales,0.7906,0.8437,0.8208,0.0959,0.096,0.6648,1.0087,1.098,0.7226
166,Euphorbia geyeri,Euphorbia,Euphorbiaceae,Malpighiales,0.5971,0.6039,0.6039,0.4695,0.4877,0.5049,0.7911,0.8439,0.5406
167,Euphorbia corollata,Euphorbia,Euphorbiaceae,Malpighiales,0.0986,0.0988,0.0974,0.0955,0.0975,0.0914,0.3995,0.3369,0.0927
168,Euphorbia glyptosperma,Euphorbia,Euphorbiaceae,Malpighiales,0.5611,0.0956,0.0996,0.0954,0.0979,0.4595,0.7314,0.7793,0.495
169,Viola macloskeyi,Viola,Violaceae,Malpighiales,0.0968,0.588,0.097,0.0964,0.0951,0.5267,0.6615,0.7298,0.4852
170,Viola palustris,Viola,Violaceae,Malpighiales,0.0977,0.5625,0.0969,0.0969,0.0957,0.4097,0.0892,0.0895,0.082
171,Viola pedatifida,Viola,Violaceae,Malpighiales,0.0976,0.0966,0.0962,0.427,0.4654,0.5301,0.6365,0.7016,0.475
172,Viola selkirkii,Viola,Violaceae,Malpighiales,0.5684,0.6047,0.5992,0.0961,0.4682,0.5643,0.7083,0.7707,0.5073
173,Viola sagittata,Viola,Violaceae,Malpighiales,0.5488,0.098,0.097,0.0954,0.0966,0.4042,0.0889,0.0889,0.0821
174,Viola pedata,Viola,Violaceae,Malpighiales,0.5943,0.6065,0.6134,0.4492,0.0949,0.571,0.7202,0.7863,0.5265
175,Populus grandidentata,Populus,Salicaceae,Malpighiales,0.5547,0.1004,0.0966,0.0954,0.0947,0.0914,0.4423,0.3915,0.0936
176,Populus tremuloides,Populus,Salicaceae,Malpighiales,0.1014,0.0958,0.0964,0.0934,0.096,0.0908,0.43,0.3775,0.0921
177,Populus balsamifera,Populus,Salicaceae,Malpighiales,0.0978,0.0984,0.0964,0.3996,0.0972,0.0935,0.4262,0.3718,0.0918
178,Populus deltoides,Populus,Salicaceae,Malpighiales,0.0982,0.0986,0.5562,0.0959,0.0966,0.0909,0.4418,0.3911,0.0932
179,Salix bebbiana,Salix,Salicaceae,Malpighiales,0.5505,0.0977,0.5929,0.0946,0.0941,0.551,0.873,0.936,0.6092
180,Salix pyrifolia,Salix,Salicaceae,Malpighiales,0.5749,0.5977,0.5961,0.0973,0.4726,0.559,0.8739,0.9344,0.6068
181,Salix pedicellaris,Salix,Salicaceae,Malpighiales,0.0958,0.5779,0.0982,0.4377,0.4682,0.538,0.8228,0.8802,0.5827
182,Salix discolor,Salix,Salicaceae,Malpighiales,0.0985,0.5656,0.6024,0.4224,0.0943,0.5632,0.8792,0.9287,0.6059
183,Salix interior,Salix,Salicaceae,Malpighiales,0.56,0.6041,0.6115,0.094,0.0957,0.5606,0.8689,0.9332,0.5966
184,Salix petiolaris,Salix,Salicaceae,Malpighiales,0.5731,0.5848,0.6073,0.0965,0.0976,0.5554,0.8676,0.937,0.6097
185,Salix humilis,Salix,Salicaceae,Malpighiales,0.5754,0.5931,0.5843,0.0956,0.0945,0.5518,0.8527,0.9049,0.5864
186,Salix serissima,Salix,Salicaceae,Malpighiales,0.5875,0.6043,0.5989,0.4559,0.0954,0.5724,0.8938,0.957,0.6228
187,Quercus ellipsoidalis,Quercus,Fagaceae,Fagales,0.0977,0.0967,0.0972,0.0947,0.0961,0.4144,0.8084,0.7913,0.4751
188,Quercus petraea,Quercus,Fagaceae,Fagales,0.0968,0.098,0.0981,0.0956,0.0965,0.097,0.6793,0.6333,0.3032
189,Quercus alba,Quercus,Fagaceae,Fagales,0.096,0.0965,0.0984,0.0944,0.0963,0.094,0.5428,0.4177,0.0927
190,Quercus macrocarpa,Quercus,Fagaceae,Fagales,0.0948,0.0988,0.0994,0.0955,0.0965,0.0922,0.5479,0.4186,0.0925
191,Corylus americana,Corylus,Betulaceae,Fagales,0.0965,0.0975,0.0969,0.0977,0.0968,0.5221,0.934,0.951,0.5883
192,Alnus incana,Alnus,Betulaceae,Fagales,0.0971,0.0967,0.6635,0.0934,0.095,0.0902,0.5251,0.4104,0.0949
193,Betula papyrifera,Betula,Betulaceae,Fagales,0.096,0.0994,0.5471,0.0938,0.0976,0.0906,0.5141,0.4098,0.0909
194,Betula pumila,Betula,Betulaceae,Fagales,0.0991,0.0999,0.0965,0.0942,0.097,0.4261,0.7903,0.7946,0.4721
195,Betula alleghaniensis,Betula,Betulaceae,Fagales,0.0975,0.0956,0.0972,0.0956,0.0953,0.0923,0.5253,0.4346,0.0935
196,Polygala polygama,Polygala,Polygalaceae,Fabales,0.097,0.0957,0.0954,0.0947,0.0967,0.3524,0.0878,0.0853,0.0779
197,Polygala sanguinea,Polygala,Polygalaceae,Fabales,0.5658,0.5796,0.5925,0.0986,0.0955,0.541,0.7161,0.774,0.5117
198,Chamaecrista fasciculata,Chamaecrista,Fabaceae,Fabales,0.1013,0.0982,0.0961,0.0952,0.0976,0.3164,0.0894,0.0846,0.0785
199,Amorpha canescens,Amorpha,Fabaceae,Fabales,0.0989,0.097,0.0987,0.0941,0.099,0.4989,0.7626,0.8399,0.5623
200,Lupinus perennis,Lupinus,Fabaceae,Fabales,0.0951,0.0962,0.0943,0.0949,0.0966,0.3164,0.2385,0.0908,0.0825
201,Petalostemon candidus,Petalostemon,Fabaceae,Fabales,0.711,0.7097,0.7137,0.5302,0.095,0.5777,0.8324,0.9089,0.6114
202,Baptisia alba,Baptisia,Fabaceae,Fabales,0.0981,0.0974,0.0974,0.0942,0.0951,0.0925,0.3082,0.2478,0.0938
203,Dalea villosa,Dalea,Fabaceae,Fabales,0.5786,0.0974,0.0943,0.4561,0.0956,0.4669,0.7355,0.8051,0.5386
204,Dalea purpurea,Dalea,Fabaceae,Fabales,0.0965,0.0968,0.0973,0.0951,0.0964,0.0949,0.5799,0.6225,0.3659
205,Amphicarpaea bracteata,Amphicarpaea,Fabaceae,Fabales,0.0969,0.6693,0.0997,0.5048,0.0969,0.5384,0.7711,0.8535,0.5792
206,Strophostyles leiosperma,Strophostyles,Fabaceae,Fabales,0.7252,0.7121,0.7117,0.5535,0.5744,0.5881,0.8649,0.9446,0.6324
207,Hylodesmum glutinosum,Hylodesmum,Fabaceae,Fabales,0.7146,0.7256,0.7089,0.5488,0.5879,0.5928,0.8763,0.9482,0.6365
208,Desmodium canadense,Desmodium,Fabaceae,Fabales,0.6321,0.0974,0.096,0.0971,0.0981,0.3755,0.0891,0.0922,0.1563
209,Lespedeza capitata,Lespedeza,Fabaceae,Fabales,0.0962,0.0966,0.0983,0.0949,0.0962,0.0906,0.0873,0.086,0.0761
210,Robinia pseudoacacia,Robinia,Fabaceae,Fabales,0.0972,0.0983,0.0983,0.097,0.0944,0.091,0.3692,0.3276,0.092
211,Astragalus canadensis,Astragalus,Fabaceae,Fabales,0.6433,0.1004,0.0972,0.0956,0.0937,0.308,0.0874,0.0851,0.0774
212,Vicia sativa,Vicia,Fabaceae,Fabales,0.099,0.0974,0.0964,0.0955,0.0938,0.0918,0.2983,0.2318,0.0934
213,Vicia villosa,Vicia,Fabaceae,Fabales,0.537,0.0971,0.0965,0.0973,0.0965,0.2839,0.2347,0.0904,0.0834
214,Lathyrus venosus,Lathyrus,Fabaceae,Fabales,0.0963,0.1003,0.0965,0.0958,0.0961,0.5111,0.7879,0.8517,0.5692
215,Lathyrus ochroleucus,Lathyrus,Fabaceae,Fabales,0.5465,0.0982,0.5872,0.0956,0.0966,0.53,0.829,0.9064,0.5993
216,Melilotus officinalis,Melilotus,Fabaceae,Fabales,0.0961,0.0967,0.0963,0.4843,0.0959,0.2986,0.0869,0.0856,0.0796
217,Medicago lupulina,Medicago,Fabaceae,Fabales,0.0964,0.0983,0.0984,0.0939,0.0936,0.0904,0.272,0.2291,0.0925
218,Medicago sativa,Medicago,Fabaceae,Fabales,0.0971,0.5572,0.0963,0.0969,0.0963,0.2768,0.0848,0.085,0.0786
219,Trifolium arvense,Trifolium,Fabaceae,Fabales,0.0956,0.0971,0.0987,0.0944,0.0944,0.284,0.2942,0.2542,0.0973
220,Trifolium pratense,Trifolium,Fabaceae,Fabales,0.0966,0.0983,0.0974,0.0958,0.0963,0.277,0.2778,0.2314,0.0946
221,Trifolium hybridum,Trifolium,Fabaceae,Fabales,0.0952,0.0981,0.0959,0.0951,0.4524,0.2761,0.0874,0.0851,0.0799
222,Trifolium repens,Trifolium,Fabaceae,Fabales,0.0968,0.0968,0.0989,0.0944,0.0954,0.0953,0.4963,0.5292,0.3141
223,Frangula alnus,Frangula,Rhamnaceae,Rosales,0.0967,0.0976,0.0962,0.0949,0.0967,0.0889,0.3767,0.3089,0.0916
224,Taraxacum campylodes,Taraxacum,Asteraceae,Asterales,0.0976,0.0969,0.0961,0.0986,0.5494,0.0921,0.3002,0.249,0.0926
225,Ceanothus americanus,Ceanothus,Rhamnaceae,Rosales,0.6619,0.0989,0.703,0.0972,0.0957,0.5319,0.84,0.9114,0.5974
226,Ulmus pumila,Ulmus,Ulmaceae,Rosales,0.0962,0.098,0.0967,0.0951,0.0962,0.2808,0.3923,0.3294,0.0961
227,Ulmus americana,Ulmus,Ulmaceae,Rosales,0.5115,0.096,0.0951,0.0953,0.0951,0.0915,0.3928,0.3401,0.0922
228,Parietaria pensylvanica,Parietaria,Urticaceae,Rosales,0.6558,0.0971,0.0969,0.0949,0.5861,0.5387,0.8157,0.872,0.5759
229,Urtica dioica,Urtica,Urticaceae,Rosales,0.0973,0.0967,0.0963,0.0936,0.0964,0.0918,0.3601,0.29,0.0924
230,Pilea pumila,Pilea,Urticaceae,Rosales,0.6574,0.0984,0.0983,0.0968,0.5629,0.5401,0.8291,0.8936,0.5821
231,Stipa spartea,Stipa,Poaceae,Poales,0.0972,0.0958,0.0958,0.0952,0.0964,0.3074,0.0868,0.0912,0.1443
232,Spiraea tomentosa,Spiraea,Rosaceae,Rosales,0.5902,0.0965,0.097,0.0979,0.0954,0.5384,0.7719,0.846,0.5701
233,Prunus serotina,Prunus,Rosaceae,Rosales,0.0966,0.0976,0.0969,0.0949,0.0975,0.0914,0.368,0.3234,0.0943
234,Prunus virginiana,Prunus,Rosaceae,Rosales,0.5421,0.0968,0.0959,0.0979,0.0971,0.4431,0.6888,0.7421,0.4824
235,Prunus americana,Prunus,Rosaceae,Rosales,0.5619,0.5746,0.5912,0.0956,0.0978,0.4802,0.7377,0.783,0.5065
236,Prunus pensylvanica,Prunus,Rosaceae,Rosales,0.0965,0.0958,0.0974,0.0954,0.0962,0.0908,0.3468,0.2912,0.0919
237,Prunus pumila,Prunus,Rosaceae,Rosales,0.5589,0.0978,0.5808,0.0963,0.0955,0.4568,0.7249,0.7829,0.5024
238,Malus domestica,Malus,Rosaceae,Rosales,0.0984,0.6662,0.0973,0.0939,0.0961,0.5191,0.7691,0.838,0.5597
239,Aronia melanocarpa,Aronia,Rosaceae,Rosales,0.0969,0.0989,0.0986,0.098,0.0944,0.5031,0.7569,0.8326,0.5608
240,Amelanchier alnifolia,Amelanchier,Rosaceae,Rosales,0.5513,0.096,0.0973,0.0963,0.0967,0.5138,0.7788,0.8589,0.5688
241,Amelanchier arborea,Amelanchier,Rosaceae,Rosales,0.099,0.5789,0.0972,0.0964,0.0945,0.5244,0.7848,0.8638,0.5722
242,Amelanchier sanguinea,Amelanchier,Rosaceae,Rosales,0.5455,0.5735,0.5997,0.0963,0.0972,0.5558,0.8316,0.9157,0.6016
243,Amelanchier spicata,Amelanchier,Rosaceae,Rosales,0.0959,0.0969,0.0953,0.0956,0.0961,0.5067,0.762,0.8387,0.5629
244,Amelanchier laevis,Amelanchier,Rosaceae,Rosales,0.0975,0.576,0.0981,0.097,0.4637,0.5324,0.7792,0.8545,0.5741
245,Rubus pubescens,Rubus,Rosaceae,Rosales,0.0961,0.0978,0.0975,0.4308,0.4623,0.5455,0.7753,0.8575,0.584
246,Rubus idaeus,Rubus,Rosaceae,Rosales,0.0986,0.0977,0.0972,0.0964,0.0957,0.4968,0.7518,0.8319,0.5517
247,Rubus occidentalis,Rubus,Rosaceae,Rosales,0.096,0.0974,0.0983,0.0972,0.0986,0.5024,0.7451,0.8161,0.5455
248,Rubus flagellaris,Rubus,Rosaceae,Rosales,0.5515,0.5905,0.593,0.0951,0.0949,0.5561,0.8098,0.8932,0.5926
249,Rubus allegheniensis,Rubus,Rosaceae,Rosales,0.0975,0.0985,0.0936,0.095,0.0958,0.4997,0.7576,0.834,0.5504
250,Rubus canadensis,Rubus,Rosaceae,Rosales,0.5508,0.5946,0.5846,0.0948,0.0944,0.5643,0.8298,0.9121,0.6028
251,Rosa carolina,Rosa,Rosaceae,Rosales,0.5604,0.5883,0.5954,0.0939,0.0954,0.5587,0.8226,0.8973,0.5894
252,Rosa blanda,Rosa,Rosaceae,Rosales,0.5758,0.098,0.5805,0.4556,0.4727,0.5472,0.8188,0.9041,0.605
253,Rosa arkansana,Rosa,Rosaceae,Rosales,0.0976,0.0981,0.0976,0.094,0.0968,0.5103,0.7577,0.8216,0.5527
254,Fragaria vesca,Fragaria,Rosaceae,Rosales,0.0955,0.0957,0.0969,0.0968,0.0947,0.0962,0.4901,0.5251,0.3172
255,Fragaria virginiana,Fragaria,Rosaceae,Rosales,0.0991,0.097,0.0962,0.0927,0.0969,0.298,0.0888,0.0866,0.0829
256,Comarum palustre,Comarum,Rosaceae,Rosales,0.0978,0.0954,0.095,0.0953,0.0948,0.3429,0.0932,0.1968,0.088
257,Drymocallis arguta,Drymocallis,Rosaceae,Rosales,0.6578,0.6782,0.0968,0.0939,0.0974,0.5701,0.8036,0.8794,0.5869
258,Potentilla simplex,Potentilla,Rosaceae,Rosales,0.097,0.5604,0.0964,0.0952,0.4532,0.3332,0.089,0.0838,0.0796
259,Potentilla norvegica,Potentilla,Rosaceae,Rosales,0.0972,0.0985,0.0956,0.3884,0.0962,0.3275,0.0877,0.0849,0.0786
260,Potentilla argentea,Potentilla,Rosaceae,Rosales,0.0958,0.5536,0.0957,0.0935,0.0955,0.3259,0.0867,0.0847,0.0784
261,Potentilla recta,Potentilla,Rosaceae,Rosales,0.0985,0.5545,0.0957,0.0955,0.0953,0.332,0.0884,0.0852,0.0811
262,Comandra umbellata,Comandra,Santalaceae,Santalales,0.0985,0.0978,0.0981,0.0951,0.097,1.4942,2.2897,2.372,1.6131
263,Spiraea alba,Spiraea,Rosaceae,Rosales,0.0967,0.099,0.0982,0.0966,0.0945,0.5191,0.7599,0.8308,0.5562
264,Persicaria sagittata,Persicaria,Polygonaceae,Caryophyllales,0.099,0.0974,0.5409,0.094,0.0952,0.333,0.087,0.085,0.0766
265,Persicaria amphibia,Persicaria,Polygonaceae,Caryophyllales,0.097,0.5654,0.0964,0.0942,0.0965,0.3409,0.0885,0.0857,0.0793
266,Persicaria thunbergii,Persicaria,Polygonaceae,Caryophyllales,0.5475,0.6153,0.5965,0.0943,0.456,0.5118,0.6963,0.7611,0.5037
267,Persicaria lapathifolia,Persicaria,Polygonaceae,Caryophyllales,0.0942,0.0956,0.0951,0.0957,0.4576,0.3383,0.0872,0.087,0.0796
268,Persicaria pensylvanica,Persicaria,Polygonaceae,Caryophyllales,0.5793,0.615,0.5899,0.4419,0.0971,0.5338,0.7002,0.7628,0.5159
269,Persicaria hydropiper,Persicaria,Polygonaceae,Caryophyllales,0.0951,0.0957,0.0953,0.0943,0.0954,0.3392,0.0873,0.0857,0.0819
270,Persicaria maculosa,Persicaria,Polygonaceae,Caryophyllales,0.0955,0.0966,0.096,0.0959,0.0954,0.3573,0.0858,0.0857,0.0783
271,Rumex mexicanus,Rumex,Polygonaceae,Caryophyllales,0.6408,0.5803,0.5939,0.4574,0.4759,0.4896,0.7517,0.8097,0.5341
272,Rumex britannica,Rumex,Polygonaceae,Caryophyllales,0.624,0.5975,0.5964,0.096,0.0963,0.4814,0.7392,0.7786,0.5068
273,Rumex acetosella,Rumex,Polygonaceae,Caryophyllales,0.0983,0.0967,0.0994,0.0983,0.0966,0.0927,0.3246,0.264,0.0938
274,Polygonum tenue,Polygonum,Polygonaceae,Caryophyllales,0.6719,0.6871,0.7297,0.0942,0.5632,0.592,0.8583,0.9242,0.6111
275,Polygonella articulata,Polygonella,Polygonaceae,Caryophyllales,0.6675,0.7027,0.7235,0.0947,0.0973,0.5811,0.8518,0.9268,0.6101
276,Fallopia convolvulus,Fallopia,Polygonaceae,Caryophyllales,0.098,0.0958,0.0975,0.0957,0.0959,0.3375,0.0867,0.0845,0.0794
277,Fallopia scandens,Fallopia,Polygonaceae,Caryophyllales,0.0966,0.0961,0.098,0.097,0.0959,0.3314,0.0864,0.0851,0.0773
278,Kali turgidum,Kali,Amaranthaceae,Caryophyllales,0.7242,0.6999,0.7217,0.5596,0.5932,0.6322,0.8969,0.9754,0.6558
279,Triadenum fraseri,Triadenum,Hypericaceae,Malpighiales,0.8154,0.8358,0.8261,0.5417,0.0963,0.6935,1.0078,1.0939,0.7334
280,Lysimachia borealis,Lysimachia,Primulaceae,Ericales,0.5948,0.6332,0.5993,0.4566,0.4764,0.641,0.712,0.7703,0.521
281,Moehringia lateriflora,Moehringia,Caryophyllaceae,Caryophyllales,0.096,0.0959,0.0961,0.5237,0.0962,0.5605,0.7971,0.8799,0.6005
282,Stellaria media,Stellaria,Caryophyllaceae,Caryophyllales,0.0966,0.0978,0.6921,0.0949,0.0948,0.0927,0.3366,0.2827,0.0969
283,Stellaria longifolia,Stellaria,Caryophyllaceae,Caryophyllales,0.546,0.578,0.7347,0.0968,0.0969,0.4769,0.7362,0.7873,0.5098
284,Silene latifolia,Silene,Caryophyllaceae,Caryophyllales,0.0975,0.5566,0.0984,0.0932,0.0991,0.3359,0.0917,0.2103,0.0874
285,Silene antirrhina,Silene,Caryophyllaceae,Caryophyllales,0.5772,0.0971,0.0981,0.4478,0.0963,0.497,0.6551,0.7255,0.4871
286,Mollugo verticillata,Mollugo,Molluginaceae,Caryophyllales,0.0976,0.0977,0.0977,0.0951,0.097,0.5766,0.8553,0.9379,0.6285
287,Portulaca oleracea,Portulaca,Portulacaceae,Caryophyllales,0.0962,0.0959,0.7687,0.0941,0.0973,0.3863,0.0902,0.0852,0.0816
288,Mirabilis nyctaginea,Mirabilis,Nyctaginaceae,Caryophyllales,0.799,0.0975,0.0965,0.6264,0.0958,0.6158,0.8838,0.9751,0.6645
289,Mirabilis albida,Mirabilis,Nyctaginaceae,Caryophyllales,0.7878,0.0979,0.5886,0.6349,0.4822,0.6451,0.9429,1.0428,0.7049
290,Amaranthus retroflexus,Amaranthus,Amaranthaceae,Caryophyllales,0.0963,0.0967,0.0954,0.0952,0.0943,0.3772,0.0926,0.2008,0.0867
291,Chenopodiastrum hybridum,Chenopodiastrum,Amaranthaceae,Caryophyllales,0.7384,0.7281,0.7332,0.5446,0.5728,0.6285,0.8683,0.9453,0.6352
292,Chondrosum hirsutum,Chondrosum,Poaceae,Poales,0.0981,0.0983,0.0964,0.0951,0.0938,0.2965,0.0866,0.0834,0.076
293,Chenopodium album,Chenopodium,Amaranthaceae,Caryophyllales,0.0988,0.0959,0.0967,0.0968,0.0945,0.3534,0.0856,0.0853,0.0785
294,Chenopodium leptophyllum,Chenopodium,Amaranthaceae,Caryophyllales,0.5671,0.5864,0.5957,0.0961,0.098,0.5321,0.7032,0.7616,0.5062
295,Cornus alternifolia,Cornus,Cornaceae,Cornales,0.0952,0.0987,0.0965,0.0964,0.0959,0.4357,0.9187,0.8517,0.4822
296,Cornus sericea,Cornus,Cornaceae,Cornales,0.0985,0.0974,0.0971,0.095,0.0944,0.0907,0.6364,0.4703,0.0928
297,Cornus racemosa,Cornus,Cornaceae,Cornales,0.0967,0.0966,0.0976,0.0955,0.0965,0.4351,0.8971,0.8353,0.4761
298,Impatiens capensis,Impatiens,Balsaminaceae,Ericales,0.0989,0.0963,0.0964,0.0945,0.095,0.484,0.088,0.0859,0.0813
299,Pyrola rotundifolia,Pyrola,Ericaceae,Ericales,0.0968,0.0968,0.0965,0.0953,0.5632,0.4263,0.0878,0.0861,0.0823
300,Chamaedaphne calyculata,Chamaedaphne,Ericaceae,Ericales,0.0983,0.0941,0.0963,0.095,0.0963,0.6307,0.7508,0.8202,0.5551
301,Vaccinium myrtilloides,Vaccinium,Ericaceae,Ericales,0.0967,0.0977,0.0973,0.0927,0.0944,0.6132,0.7578,0.8367,0.5514
302,Vaccinium angustifolium,Vaccinium,Ericaceae,Ericales,0.0937,0.0969,0.0968,0.0963,0.0963,0.6083,0.7642,0.8422,0.5588
303,Phlox paniculata,Phlox,Polemoniaceae,Ericales,0.5707,0.6413,0.6073,0.0945,0.0971,0.6802,0.9254,1.002,0.6636
304,Phlox pilosa,Phlox,Polemoniaceae,Ericales,0.0985,0.0984,0.0992,0.0961,0.0973,0.6293,0.877,0.9497,0.6285
305,Dysphania atriplicifolia,Dysphania,Amaranthaceae,Caryophyllales,0.7249,0.7035,0.719,0.5582,0.5912,0.6218,0.8642,0.9433,0.6333
306,Lysimachia thyrsiflora,Lysimachia,Primulaceae,Ericales,0.0975,0.6158,0.0975,0.097,0.4563,0.4727,0.0863,0.0845,0.0808
307,Lysimachia ciliata,Lysimachia,Primulaceae,Ericales,0.5734,0.0964,0.5849,0.4397,0.0972,0.6117,0.6932,0.7608,0.5107
308,Ilex verticillata,Ilex,Aquifoliaceae,Aquifoliales,0.0979,0.0979,0.0983,0.0955,0.0983,1.6318,2.4231,2.6414,1.7386
309,Convolvulus arvensis,Convolvulus,Convolvulaceae,Solanales,0.0951,0.0986,0.0982,0.0937,0.0949,0.0935,0.6856,0.7475,0.4316
310,Physalis virginiana,Physalis,Solanaceae,Solanales,0.0975,0.0979,0.0973,0.0942,0.0968,0.536,0.7585,0.8277,0.5559
311,Physalis pubescens,Physalis,Solanaceae,Solanales,0.5854,0.5854,0.5992,0.4442,0.097,0.6046,0.822,0.9024,0.6065
312,Solanum carolinense,Solanum,Solanaceae,Solanales,0.5681,0.0993,0.098,0.4366,0.0961,0.5213,0.6557,0.7247,0.4936
313,Solanum dulcamara,Solanum,Solanaceae,Solanales,0.0961,0.0981,0.0971,0.0945,0.0949,0.3647,0.2829,0.2501,0.0957
314,Solanum nigrum,Solanum,Solanaceae,Solanales,0.0958,0.5555,0.0961,0.0966,0.0948,0.3674,0.0878,0.0869,0.0805
315,Solanum americanum,Solanum,Solanaceae,Solanales,0.0979,0.5511,0.0943,0.096,0.0949,0.363,0.0883,0.084,0.0796
316,Gentiana andrewsii,Gentiana,Gentianaceae,Gentianales,0.0956,0.7636,0.0963,0.0943,0.0958,0.3764,0.0887,0.0855,0.0846
317,Houstonia longifolia,Houstonia,Rubiaceae,Gentianales,0.0967,0.6639,0.0979,0.0954,0.5521,0.3379,0.0916,0.1958,0.0865
318,Galium boreale,Galium,Rubiaceae,Gentianales,0.0969,0.0968,0.0968,0.0935,0.4562,0.0944,0.2972,0.2623,0.0957
319,Galium aparine,Galium,Rubiaceae,Gentianales,0.097,0.0968,0.5394,0.0952,0.0971,0.2798,0.0893,0.0854,0.0794
320,Galium trifidum,Galium,Rubiaceae,Gentianales,0.5602,0.5955,0.5911,0.0953,0.0966,0.4846,0.6912,0.7523,0.4984
321,Galium triflorum,Galium,Rubiaceae,Gentianales,0.564,0.0964,0.0992,0.4448,0.0981,0.4678,0.6282,0.6929,0.4795
322,Apocynum cannabinum,Apocynum,Apocynaceae,Gentianales,0.5496,0.0992,0.099,0.0922,0.549,0.4983,0.6323,0.6937,0.4676
323,Apocynum androsaemifolium,Apocynum,Apocynaceae,Gentianales,0.0978,0.0978,0.0944,0.0957,0.5408,0.3535,0.0877,0.086,0.0779
324,Asclepias incarnata,Asclepias,Apocynaceae,Gentianales,0.0972,0.0979,0.098,0.094,0.446,0.3365,0.085,0.0848,0.0778
325,Asclepias verticillata,Asclepias,Apocynaceae,Gentianales,0.098,0.0977,0.0953,0.095,0.0939,0.3422,0.0871,0.086,0.0779
326,Asclepias viridiflora,Asclepias,Apocynaceae,Gentianales,0.5286,0.0986,0.0957,0.0957,0.098,0.344,0.0886,0.0835,0.0771
327,Asclepias ovalifolia,Asclepias,Apocynaceae,Gentianales,0.0968,0.0975,0.0968,0.4249,0.0958,0.4905,0.6366,0.7009,0.4798
328,Asclepias syriaca,Asclepias,Apocynaceae,Gentianales,0.0974,0.0947,0.0959,0.0959,0.0969,0.3716,0.0871,0.0898,0.1336
329,Asclepias exaltata,Asclepias,Apocynaceae,Gentianales,0.5971,0.5901,0.5845,0.455,0.4823,0.5203,0.7094,0.7736,0.5203
330,Asclepias tuberosa,Asclepias,Apocynaceae,Gentianales,0.0979,0.099,0.0975,0.3941,0.0957,0.3226,0.0857,0.0833,0.0785
331,Hackelia deflexa,Hackelia,Boraginaceae,Boraginales,0.7529,0.7303,0.7336,0.0957,0.094,1.0734,1.5593,1.6429,1.0828
332,Lithospermum canescens,Lithospermum,Boraginaceae,Boraginales,0.0976,0.0963,0.0986,0.0956,0.096,1.0065,1.4963,1.6022,1.0643
333,Lithospermum caroliniense,Lithospermum,Boraginaceae,Boraginales,0.0978,0.0972,0.0969,0.0938,0.0946,1.0079,1.4868,1.5849,1.057
334,Lithospermum carolinense,Lithospermum,Boraginaceae,Boraginales,0.0976,0.0992,0.0981,0.0957,0.4714,1.0015,1.4806,1.5797,1.0514
335,Fraxinus nigra,Fraxinus,Oleaceae,Lamiales,0.0983,0.0974,0.0992,0.0968,0.0949,0.0934,0.3792,0.3201,0.091
336,Fraxinus americana,Fraxinus,Oleaceae,Lamiales,0.5154,0.098,0.0983,0.0961,0.0949,0.0902,0.3832,0.3267,0.0923
337,Fraxinus pennsylvanica,Fraxinus,Oleaceae,Lamiales,0.0955,0.0964,0.097,0.0939,0.0935,0.0909,0.3779,0.3093,0.0933
338,Penstemon grandiflorus,Penstemon,Plantaginaceae,Lamiales,0.703,0.6873,0.0985,0.4477,0.0963,0.5695,0.7939,0.8688,0.5904
339,Penstemon gracilis,Penstemon,Plantaginaceae,Lamiales,0.6883,0.7296,0.6496,0.4421,0.0976,0.5972,0.8341,0.9033,0.611
340,Penstemon digitalis,Penstemon,Plantaginaceae,Lamiales,0.6726,0.7024,0.6468,0.0949,0.0959,0.5579,0.8228,0.8942,0.5911
341,Linaria vulgaris,Linaria,Plantaginaceae,Lamiales,0.0967,0.0958,0.098,0.0936,0.0988,0.3134,0.0858,0.0843,0.0788
342,Veronicastrum virginicum,Veronicastrum,Plantaginaceae,Lamiales,0.0984,0.6617,0.0969,0.0946,0.0955,0.3455,0.0928,0.1962,0.086
343,Plantago major,Plantago,Plantaginaceae,Lamiales,0.0974,0.5503,0.0972,0.0944,0.0961,0.2859,0.0864,0.0863,0.0802
344,Plantago lanceolata,Plantago,Plantaginaceae,Lamiales,0.0961,0.0967,0.0978,0.096,0.0965,0.0909,0.272,0.2299,0.0927
345,Verbascum thapsus,Verbascum,Scrophulariaceae,Lamiales,0.0978,0.0974,0.7533,0.0937,0.095,0.0913,0.3377,0.2779,0.0929
346,Verbena hastata,Verbena,Verbenaceae,Lamiales,0.0951,0.0969,0.0973,0.0932,0.0951,0.2908,0.0928,0.1766,0.0831
347,Verbena stricta,Verbena,Verbenaceae,Lamiales,0.0975,0.5458,0.0954,0.0933,0.094,0.2915,0.0867,0.0856,0.0773
348,Verbena bracteata,Verbena,Verbenaceae,Lamiales,0.0979,0.0965,0.0965,0.0944,0.0962,0.091,0.2658,0.2348,0.094
349,Xyris torta,Xyris,Xyridaceae,Poales,0.8026,0.813,0.8191,0.644,0.6767,0.6827,0.9768,1.0621,0.7109
350,Mimulus ringens,Mimulus,Phrymaceae,Lamiales,0.7778,0.7187,0.7113,0.0951,0.0941,0.6611,0.9708,1.0567,0.7002
351,Phryma leptostachya,Phryma,Phrymaceae,Lamiales,0.7626,0.0994,0.0979,0.0959,0.5592,0.6154,0.9065,0.9947,0.6643
352,Tragopogon duarius,Tragopogon,Asteraceae,Asterales,0.7141,0.7098,0.7267,0.5366,0.5852,0.589,0.861,0.944,0.6319
353,Pedicularis canadensis,Pedicularis,Orobanchaceae,Lamiales,0.7716,0.0954,0.838,0.6031,0.0961,0.6519,0.9693,1.0636,0.7197
354,Stachys tenuifolia,Stachys,Lamiaceae,Lamiales,0.0978,0.5474,0.0957,0.0946,0.097,0.3122,0.0875,0.085,0.078
355,Stachys palustris,Stachys,Lamiaceae,Lamiales,0.097,0.0976,0.0961,0.0961,0.0952,0.2908,0.0861,0.0856,0.0781
356,Scutellaria lateriflora,Scutellaria,Lamiaceae,Lamiales,0.0951,0.562,0.0975,0.4227,0.0975,0.493,0.6517,0.7127,0.4845
357,Scutellaria galericulata,Scutellaria,Lamiaceae,Lamiales,0.0981,0.55,0.0956,0.0949,0.0942,0.3306,0.0881,0.0868,0.0774
358,Scutellaria parvula,Scutellaria,Lamiaceae,Lamiales,0.0997,0.0965,0.0974,0.0934,0.4546,0.3319,0.0879,0.0843,0.078
359,Mosla dianthera,Mosla,Lamiaceae,Lamiales,0.682,0.0984,0.6899,0.5528,0.5782,0.5595,0.8432,0.9324,0.6268
360,Lycopus uniflorus,Lycopus,Lamiaceae,Lamiales,0.5573,0.6492,0.5906,0.0942,0.0958,0.5664,0.8328,0.9,0.5984
361,Lycopus americanus,Lycopus,Lamiaceae,Lamiales,0.097,0.0981,0.0975,0.0938,0.0962,0.5039,0.7624,0.8385,0.5623
362,Nepeta cataria,Nepeta,Lamiaceae,Lamiales,0.0984,0.6622,0.0971,0.0952,0.0956,0.3188,0.087,0.0858,0.0787
363,Agastache foeniculum,Agastache,Lamiaceae,Lamiales,0.6729,0.0969,0.0976,0.5288,0.0972,0.5569,0.7951,0.8843,0.6067
364,Glechoma hederacea,Glechoma,Lamiaceae,Lamiales,0.0996,0.0988,0.0989,0.0938,0.0968,0.0894,0.3024,0.2492,0.0929
365,Prunella vulgaris,Prunella,Lamiaceae,Lamiales,0.0988,0.0991,0.0977,0.0931,0.0966,0.0891,0.3066,0.2469,0.0921
366,Monarda fistulosa,Monarda,Lamiaceae,Lamiales,0.0957,0.0988,0.0973,0.0957,0.0966,0.3109,0.0918,0.0849,0.0783
367,Pycnanthemum virginianum,Pycnanthemum,Lamiaceae,Lamiales,0.7218,0.6981,0.7099,0.5391,0.0974,0.5961,0.87,0.9428,0.6312
368,Monarda punctata,Monarda,Lamiaceae,Lamiales,0.0974,0.0962,0.0994,0.0947,0.4643,0.316,0.0867,0.0838,0.0774
369,Hedeoma hispida,Hedeoma,Lamiaceae,Lamiales,0.0969,0.0977,0.0954,0.0948,0.094,0.3153,0.0868,0.0861,0.0777
370,Aralia nudicaulis,Aralia,Araliaceae,Apiales,0.7541,0.0986,0.0952,0.0963,0.0987,0.714,0.8935,0.9858,0.6677
371,Cicuta bulbifera,Cicuta,Apiaceae,Apiales,0.6803,0.7042,0.7154,0.0958,0.0943,0.6832,0.8464,0.9129,0.6014
372,Zizia aptera,Zizia,Apiaceae,Apiales,0.097,0.0945,0.5837,0.4275,0.0961,0.6089,0.6892,0.7546,0.511
373,Zizia aurea,Zizia,Apiaceae,Apiales,0.5457,0.0976,0.0977,0.0963,0.0977,0.4739,0.0892,0.0873,0.0826
374,Viburnum lentago,Viburnum,Adoxaceae,Dipsacales,0.0978,0.098,0.0971,0.0952,0.0967,1.0494,1.5299,1.6982,1.1376
375,Symphoricarpos occidentalis,Symphoricarpos,Caprifoliaceae,Dipsacales,0.7569,0.7136,0.7353,0.0967,0.0973,1.0962,1.5774,1.7502,1.1596
376,Lonicera dioica,Lonicera,Caprifoliaceae,Dipsacales,0.7685,0.5813,0.5941,0.0972,0.0954,1.0866,1.5393,1.7329,1.1556
377,Lonicera morrowii,Lonicera,Caprifoliaceae,Dipsacales,0.7605,0.0981,0.0994,0.0954,0.0984,1.0669,1.4894,1.6804,1.1184
378,Lonicera tatarica,Lonicera,Caprifoliaceae,Dipsacales,0.7569,0.0971,0.0967,0.0957,0.0974,1.0605,1.4901,1.6773,1.115
379,Campanula aparinoides,Campanula,Campanulaceae,Asterales,0.5653,0.5824,0.5846,0.0958,0.4611,0.4818,0.7747,0.8416,0.5493
380,Campanula rotundifolia,Campanula,Campanulaceae,Asterales,0.0965,0.0975,0.097,0.0938,0.0959,0.0957,0.5649,0.6112,0.3564
381,Lobelia spicata,Lobelia,Campanulaceae,Asterales,0.0986,0.5514,0.0969,0.096,0.095,0.3184,0.0864,0.084,0.0797
382,Lobelia siphilitica,Lobelia,Campanulaceae,Asterales,0.5516,0.0954,0.5892,0.0948,0.0963,0.4874,0.6762,0.7402,0.4925
383,Bouteloua dactyloides,Bouteloua,Poaceae,Poales,0.5436,0.0963,0.0977,0.0944,0.0961,0.4753,0.6585,0.7278,0.4901
384,Bidens trichosperma,Bidens,Asteraceae,Asterales,0.555,0.5883,0.5855,0.0961,0.0953,0.4888,0.6999,0.7519,0.4984
385,Bidens cernua,Bidens,Asteraceae,Asterales,0.0986,0.5462,0.0966,0.3951,0.0959,0.291,0.0859,0.0837,0.0779
386,Bidens tripartita,Bidens,Asteraceae,Asterales,0.0957,0.0957,0.0959,0.0949,0.095,0.2943,0.0893,0.0849,0.0769
387,Cirsium arvense,Cirsium,Asteraceae,Asterales,0.0984,0.0972,0.5673,0.094,0.0959,0.0958,0.353,0.2973,0.0955
388,Cirsium discolor,Cirsium,Asteraceae,Asterales,0.0951,0.5352,0.095,0.0948,0.0966,0.0917,0.303,0.2475,0.0931
389,Hieracium crassescens,Hieracium,Asteraceae,Asterales,0.5886,0.5818,0.5875,0.4493,0.4663,0.4826,0.7518,0.8114,0.5356
390,Hieracium umbellatum,Hieracium,Asteraceae,Asterales,0.0973,0.0979,0.0969,0.0927,0.4505,0.0923,0.2993,0.2411,0.0957
391,Hieracium longipilum,Hieracium,Asteraceae,Asterales,0.5588,0.0976,0.5714,0.4354,0.097,0.4702,0.7508,0.8197,0.5397
392,Lactuca serriola,Lactuca,Asteraceae,Asterales,0.5313,0.0962,0.0992,0.0962,0.0965,0.3064,0.087,0.0844,0.0773
393,Lactuca biennis,Lactuca,Asteraceae,Asterales,0.5547,0.0951,0.0985,0.0932,0.0943,0.4858,0.6502,0.7133,0.4827
394,Lactuca canadensis,Lactuca,Asteraceae,Asterales,0.0985,0.0958,0.0964,0.0936,0.451,0.2944,0.0875,0.0859,0.0779
395,Krigia biflora,Krigia,Asteraceae,Asterales,0.71,0.7013,0.7324,0.5618,0.5723,0.5825,0.8658,0.9478,0.6314
396,Erechtites hieracifolia,Erechtites,Asteraceae,Asterales,0.6522,0.7038,0.7182,0.0948,0.0932,0.5663,0.8598,0.9308,0.6126
397,Vernonia fasciculata,Vernonia,Asteraceae,Asterales,0.6935,0.7227,0.7184,0.5285,0.096,0.5728,0.8549,0.9388,0.6278
398,Nabalus racemosus,Nabalus,Asteraceae,Asterales,0.7075,0.5801,0.7184,0.5416,0.5731,0.5819,0.863,0.9351,0.6292
399,Nabalus albus,Nabalus,Asteraceae,Asterales,0.667,0.0979,0.6947,0.5424,0.5533,0.5629,0.8503,0.9357,0.6329
400,Sonchus arvensis,Sonchus,Asteraceae,Asterales,0.0965,0.662,0.096,0.095,0.0949,0.3306,0.0873,0.0847,0.0788
401,Crepis tectorum,Crepis,Asteraceae,Asterales,0.0965,0.0959,0.0943,0.0945,0.0964,0.3158,0.2251,0.0923,0.0825
402,Packera paupercula,Packera,Asteraceae,Asterales,0.0946,0.6437,0.0974,0.0942,0.0953,0.3111,0.0869,0.0844,0.0772
403,Packera aurea,Packera,Asteraceae,Asterales,0.5587,0.6972,0.5919,0.0979,0.0944,0.5026,0.6982,0.7551,0.4966
404,Coreopsis palmata,Coreopsis,Asteraceae,Asterales,0.0967,0.0978,0.0988,0.4662,0.0959,0.2975,0.0863,0.0836,0.0802
405,Eutrochium maculatum,Eutrochium,Asteraceae,Asterales,0.7034,0.6803,0.7278,0.5477,0.5545,0.5803,0.8383,0.9238,0.6251
406,Eupatorium perfoliatum,Eupatorium,Asteraceae,Asterales,0.0964,0.0978,0.0965,0.0965,0.0967,0.3724,0.0877,0.089,0.1494
407,Liatris aspera,Liatris,Asteraceae,Asterales,0.5642,0.0971,0.0967,0.0966,0.0958,0.304,0.0862,0.0852,0.0768
408,Liatris pycnostachya,Liatris,Asteraceae,Asterales,0.0971,0.5482,0.0991,0.0941,0.0944,0.3054,0.0865,0.0857,0.0769
409,Liatris ligulistylis,Liatris,Asteraceae,Asterales,0.6271,0.5829,0.6006,0.4355,0.0968,0.5087,0.7084,0.7741,0.5217
410,Helenium autumnale,Helenium,Asteraceae,Asterales,0.0975,0.7196,0.0975,0.0929,0.5633,0.0932,0.0896,0.0913,0.1474
411,Rudbeckia hirta,Rudbeckia,Asteraceae,Asterales,0.0978,0.6494,0.0977,0.0933,0.0963,0.0926,0.2968,0.2388,0.0917
412,Ratibida pinnata,Ratibida,Asteraceae,Asterales,0.097,0.0967,0.6252,0.0956,0.0954,0.3201,0.0869,0.0878,0.0779
413,Heliopsis helianthoides,Heliopsis,Asteraceae,Asterales,0.0979,0.0956,0.094,0.0941,0.0959,0.2928,0.0876,0.0862,0.0786
414,Echinacea serotina,Echinacea,Asteraceae,Asterales,0.0969,0.0948,0.0966,0.4148,0.0957,0.5103,0.746,0.811,0.5567
415,Echinacea purpurea,Echinacea,Asteraceae,Asterales,0.0972,0.097,0.0974,0.0949,0.0942,0.4942,0.7499,0.8154,0.5449
416,Ambrosia psilostachya,Ambrosia,Asteraceae,Asterales,0.0953,0.098,0.0976,0.0961,0.0944,0.092,0.2723,0.2308,0.0927
417,Ambrosia artemisiifolia,Ambrosia,Asteraceae,Asterales,0.0966,0.0962,0.0969,0.0947,0.0945,0.2576,0.0883,0.0855,0.0778
418,Helianthus hirsutus,Helianthus,Asteraceae,Asterales,0.0971,0.0955,0.0967,0.0968,0.0951,0.3527,0.0884,0.0897,0.1539
419,Helianthus petiolaris,Helianthus,Asteraceae,Asterales,0.5597,0.5837,0.5901,0.0969,0.0958,0.5034,0.7025,0.7548,0.5051
420,Helianthus laetiflorus,Helianthus,Asteraceae,Asterales,0.0964,0.0968,0.0968,0.0964,0.4533,0.4571,0.642,0.6957,0.4696
421,Helianthus giganteus,Helianthus,Asteraceae,Asterales,0.5698,0.5855,0.6123,0.0949,0.0983,0.5116,0.713,0.7704,0.517
422,Artemisia ludoviciana,Artemisia,Asteraceae,Asterales,0.0961,0.0992,0.0947,0.0954,0.0952,0.2921,0.0867,0.0867,0.0777
423,Achillea millefolium,Achillea,Asteraceae,Asterales,0.0984,0.0963,0.0978,0.0938,0.0972,0.0935,0.2909,0.2314,0.0925
424,Gnaphalium uliginosum,Gnaphalium,Asteraceae,Asterales,0.0977,0.6488,0.0962,0.0929,0.0949,0.3316,0.0927,0.0882,0.0802
425,Gamochaeta purpurea,Gamochaeta,Asteraceae,Asterales,0.0987,0.6902,0.097,0.0949,0.0966,0.51,0.7662,0.8248,0.55
426,Antennaria plantaginifolia,Antennaria,Asteraceae,Asterales,0.5617,0.6311,0.5924,0.4441,0.0962,0.5391,0.8156,0.8876,0.5901
427,Antennaria neglecta,Antennaria,Asteraceae,Asterales,0.0975,0.0974,0.0981,0.0955,0.0974,0.4725,0.7303,0.8047,0.5384
428,Antennaria parlinii,Antennaria,Asteraceae,Asterales,0.5862,0.6263,0.5916,0.4435,0.0961,0.5457,0.8213,0.8929,0.5973
429,Solidago missouriensis,Solidago,Asteraceae,Asterales,0.0971,0.0953,0.0961,0.0956,0.0949,0.4345,0.6109,0.6678,0.4495
430,Heterotheca villosa,Heterotheca,Asteraceae,Asterales,0.0986,0.099,0.6736,0.0962,0.0954,0.0891,0.3254,0.2613,0.0936
431,Symphyotrichum boreale,Symphyotrichum,Asteraceae,Asterales,0.5957,0.5837,0.5968,0.4525,0.4643,0.5182,0.7025,0.7711,0.5197
432,Erigeron canadensis,Erigeron,Asteraceae,Asterales,0.0969,0.0989,0.0962,0.094,0.0957,0.2566,0.0863,0.0863,0.0784
433,Erigeron annuus,Erigeron,Asteraceae,Asterales,0.0973,0.0971,0.0968,0.0936,0.0963,0.2764,0.0873,0.0836,0.0785
434,Erigeron strigosus,Erigeron,Asteraceae,Asterales,0.0944,0.0986,0.1003,0.3955,0.0943,0.0937,0.2774,0.2334,0.0925
435,Doellingeria umbellata,Doellingeria,Asteraceae,Asterales,0.0959,0.0966,0.0973,0.0963,0.099,0.2981,0.2237,0.0914,0.0788
436,Euthamia graminifolia,Euthamia,Asteraceae,Asterales,0.0972,0.6487,0.0963,0.0945,0.0959,0.3066,0.0862,0.0857,0.0771
437,Symphyotrichum puniceum,Symphyotrichum,Asteraceae,Asterales,0.0978,0.5426,0.0982,0.0949,0.0975,0.3048,0.0869,0.0838,0.0771
438,Symphyotrichum oolentangiense,Symphyotrichum,Asteraceae,Asterales,0.0968,0.0965,0.0986,0.418,0.0965,0.4689,0.6309,0.6959,0.4762
439,Symphyotrichum lanceolatum,Symphyotrichum,Asteraceae,Asterales,0.098,0.0968,0.0969,0.3921,0.0966,0.3103,0.0867,0.0847,0.0771
440,Symphyotrichum ericoides,Symphyotrichum,Asteraceae,Asterales,0.0947,0.0977,0.0956,0.0956,0.0967,0.3024,0.086,0.0825,0.0777
441,Eurybia macrophylla,Eurybia,Asteraceae,Asterales,0.0974,0.0972,0.096,0.0945,0.0952,0.4846,0.7564,0.8291,0.5524
442,Solidago gigantea,Solidago,Asteraceae,Asterales,0.0971,0.0967,0.0972,0.3811,0.0957,0.2989,0.087,0.082,0.0781
443,Solidago altissima,Solidago,Asteraceae,Asterales,0.0959,0.5761,0.0979,0.0975,0.4535,0.4454,0.6247,0.6809,0.4548
444,Solidago rigida,Solidago,Asteraceae,Asterales,0.0957,0.0981,0.095,0.0948,0.0954,0.3087,0.0881,0.0832,0.0777
445,Solidago ptarmicoides,Solidago,Asteraceae,Asterales,0.5364,0.5966,0.5944,0.0966,0.0959,0.4852,0.6798,0.74,0.4889
446,Solidago canadensis,Solidago,Asteraceae,Asterales,0.0942,0.0958,0.098,0.095,0.096,0.292,0.0853,0.0837,0.0756
447,Solidago nemoralis,Solidago,Asteraceae,Asterales,0.0974,0.0959,0.0961,0.0924,0.0973,0.2974,0.1969,0.0881,0.0784
448,Solidago speciosa,Solidago,Asteraceae,Asterales,0.5775,0.5908,0.5781,0.436,0.0966,0.5161,0.7079,0.7669,0.5172
449,Solidago juncea,Solidago,Asteraceae,Asterales,0.0976,0.5648,0.0952,0.0946,0.0961,0.3024,0.1981,0.0905,0.0763